"dataset.id","interaction","year","date","plant.id.field","survey.id","inflor.id","inflor.tot.fl","inflor.tot.fr","flower.pos","presence","count"
"frugiv.larvae.I_2020","frugiv","2020",NA,"pA0869",NA,NA,NA,NA,NA,1,2
"frugiv.larvae.I_2020","frugiv","2020",NA,"pA0114",NA,NA,NA,NA,NA,0,0
"frugiv.larvae.I_2020","frugiv","2020",NA,"pA0125",NA,NA,NA,NA,NA,0,0
"frugiv.larvae.I_2020","frugiv","2020",NA,"pA0248",NA,NA,NA,NA,NA,0,0
"frugiv.larvae.I_2020","frugiv","2020",NA,"pA0515",NA,NA,NA,NA,NA,1,1
"frugiv.larvae.I_2020","frugiv","2020",NA,"pA0077",NA,NA,NA,NA,NA,0,0
"frugiv.larvae.I_2020","frugiv","2020",NA,"pA0007",NA,NA,NA,NA,NA,1,1
"frugiv.larvae.I_2020","frugiv","2020",NA,"pA0995",NA,NA,NA,NA,NA,0,0
"frugiv.larvae.I_2020","frugiv","2020",NA,"pA0018",NA,NA,NA,NA,NA,0,0
"frugiv.larvae.I_2020","frugiv","2020",NA,"pA0432",NA,NA,NA,NA,NA,0,0
"frugiv.larvae.I_2020","frugiv","2020",NA,"pA0662",NA,NA,NA,NA,NA,0,0
"frugiv.larvae.I_2020","frugiv","2020",NA,"pA1212",NA,NA,NA,NA,NA,0,0
"frugiv.larvae.I_2020","frugiv","2020",NA,"pA0361",NA,NA,NA,NA,NA,0,0
"frugiv.larvae.I_2020","frugiv","2020",NA,"pA0363",NA,NA,NA,NA,NA,1,1
"frugiv.larvae.I_2020","frugiv","2020",NA,"pA0964",NA,NA,NA,NA,NA,1,1
"frugiv.larvae.I_2020","frugiv","2020",NA,"pA0577",NA,NA,NA,NA,NA,0,0
"frugiv.larvae.I_2020","frugiv","2020",NA,"pA0998",NA,NA,NA,NA,NA,0,0
"frugiv.larvae.I_2020","frugiv","2020",NA,"pA1254",NA,NA,NA,NA,NA,0,0
"frugiv.larvae.I_2020","frugiv","2020",NA,"pA0347",NA,NA,NA,NA,NA,1,1
"frugiv.larvae.I_2020","frugiv","2020",NA,"pA0135",NA,NA,NA,NA,NA,0,0
"frugiv.larvae.I_2020","frugiv","2020",NA,"pA0883",NA,NA,NA,NA,NA,0,0
"frugiv.larvae.I_2020","frugiv","2020",NA,"pA0106",NA,NA,NA,NA,NA,1,1
"frugiv.larvae.I_2020","frugiv","2020",NA,"pA0444",NA,NA,NA,NA,NA,1,2
"frugiv.larvae.I_2020","frugiv","2020",NA,"pA0792",NA,NA,NA,NA,NA,1,2
"frugiv.larvae.I_2020","frugiv","2020",NA,"pA1013",NA,NA,NA,NA,NA,1,1
"frugiv.larvae.I_2020","frugiv","2020",NA,"pA1059",NA,NA,NA,NA,NA,1,1
"frugiv.larvae.I_2020","frugiv","2020",NA,"pA0002",NA,NA,NA,NA,NA,0,0
"frugiv.larvae.I_2020","frugiv","2020",NA,"pA0035",NA,NA,NA,NA,NA,0,0
"frugiv.larvae.I_2020","frugiv","2020",NA,"pA0102",NA,NA,NA,NA,NA,0,0
"frugiv.larvae.I_2020","frugiv","2020",NA,"pA0122",NA,NA,NA,NA,NA,0,0
"frugiv.larvae.I_2020","frugiv","2020",NA,"pA0148",NA,NA,NA,NA,NA,0,0
"frugiv.larvae.I_2020","frugiv","2020",NA,"pA0150",NA,NA,NA,NA,NA,0,0
"frugiv.larvae.I_2020","frugiv","2020",NA,"pA0154",NA,NA,NA,NA,NA,0,0
"frugiv.larvae.I_2020","frugiv","2020",NA,"pA0181",NA,NA,NA,NA,NA,0,0
"frugiv.larvae.I_2020","frugiv","2020",NA,"pA0302",NA,NA,NA,NA,NA,0,0
"frugiv.larvae.I_2020","frugiv","2020",NA,"pA0313",NA,NA,NA,NA,NA,0,0
"frugiv.larvae.I_2020","frugiv","2020",NA,"pA0375",NA,NA,NA,NA,NA,0,0
"frugiv.larvae.I_2020","frugiv","2020",NA,"pA0377",NA,NA,NA,NA,NA,0,0
"frugiv.larvae.I_2020","frugiv","2020",NA,"pA0436",NA,NA,NA,NA,NA,0,0
"frugiv.larvae.I_2020","frugiv","2020",NA,"pA0456",NA,NA,NA,NA,NA,0,0
"frugiv.larvae.I_2020","frugiv","2020",NA,"pA0584",NA,NA,NA,NA,NA,0,0
"frugiv.larvae.I_2020","frugiv","2020",NA,"pA0816",NA,NA,NA,NA,NA,0,0
"frugiv.larvae.I_2020","frugiv","2020",NA,"pA0865",NA,NA,NA,NA,NA,0,0
"frugiv.larvae.I_2020","frugiv","2020",NA,"pA0876",NA,NA,NA,NA,NA,0,0
"frugiv.larvae.I_2020","frugiv","2020",NA,"pA0893",NA,NA,NA,NA,NA,0,0
"frugiv.larvae.I_2020","frugiv","2020",NA,"pA0968",NA,NA,NA,NA,NA,0,0
"frugiv.larvae.I_2020","frugiv","2020",NA,"pA1001",NA,NA,NA,NA,NA,0,0
"frugiv.larvae.I_2020","frugiv","2020",NA,"pA0190",NA,NA,NA,NA,NA,0,0
"frugiv.larvae.I_2020","frugiv","2020",NA,"pA0272",NA,NA,NA,NA,NA,0,0
"frugiv.larvae.I_2020","frugiv","2020",NA,"pA0463",NA,NA,NA,NA,NA,0,0
"frugiv.larvae.I_2020","frugiv","2020",NA,"pA0519",NA,NA,NA,NA,NA,0,0
"frugiv.larvae.I_2020","frugiv","2020",NA,"pA0618",NA,NA,NA,NA,NA,0,0
"frugiv.larvae.I_2020","frugiv","2020",NA,"pA0981",NA,NA,NA,NA,NA,0,0
"frugiv.larvae.I_2020","frugiv","2020",NA,"pA0224",NA,NA,NA,NA,NA,0,0
"frugiv.larvae.I_2020","frugiv","2020",NA,"pA0508",NA,NA,NA,NA,NA,0,0
"frugiv.larvae.I_2020","frugiv","2020",NA,"pA0512",NA,NA,NA,NA,NA,1,1
"frugiv.larvae.I_2020","frugiv","2020",NA,"pA0686",NA,NA,NA,NA,NA,1,1
"frugiv.larvae.I_2020","frugiv","2020",NA,"pA0085",NA,NA,NA,NA,NA,0,0
"frugiv.larvae.I_2020","frugiv","2020",NA,"pA0123",NA,NA,NA,NA,NA,0,0
"frugiv.larvae.I_2020","frugiv","2020",NA,"pA0139",NA,NA,NA,NA,NA,0,0
"frugiv.larvae.I_2020","frugiv","2020",NA,"pA0156",NA,NA,NA,NA,NA,0,0
"frugiv.larvae.I_2020","frugiv","2020",NA,"pA0619",NA,NA,NA,NA,NA,0,0
"frugiv.larvae.I_2020","frugiv","2020",NA,"pA0910",NA,NA,NA,NA,NA,0,0
"frugiv.larvae.I_2020","frugiv","2020",NA,"pA1130",NA,NA,NA,NA,NA,0,0
"frugiv.larvae.I_2020","frugiv","2020",NA,"pA0581",NA,NA,NA,NA,NA,0,0
"frugiv.larvae.I_2020","frugiv","2020",NA,"pA1047",NA,NA,NA,NA,NA,0,0
"frugiv.larvae.I_2020","frugiv","2020",NA,"pA0538",NA,NA,NA,NA,NA,0,0
"frugiv.larvae.I_2020","frugiv","2020",NA,"pA0712",NA,NA,NA,NA,NA,0,0
"frugiv.larvae.I_2020","frugiv","2020",NA,"pA0763",NA,NA,NA,NA,NA,0,0
"frugiv.larvae.I_2020","frugiv","2020",NA,"pA0923",NA,NA,NA,NA,NA,0,0
"frugiv.larvae.I_2020","frugiv","2020",NA,"pA0482",NA,NA,NA,NA,NA,0,0
"frugiv.larvae.I_2020","frugiv","2020",NA,"pA0605",NA,NA,NA,NA,NA,1,3
"frugiv.larvae.I_2020","frugiv","2020",NA,"pA0918",NA,NA,NA,NA,NA,1,2
"frugiv.larvae.I_2020","frugiv","2020",NA,"pA0411",NA,NA,NA,NA,NA,1,1
"frugiv.larvae.I_2020","frugiv","2020",NA,"pA0831",NA,NA,NA,NA,NA,1,1
"frugiv.larvae.I_2020","frugiv","2020",NA,"pA0605",NA,NA,NA,NA,NA,1,1
"frugiv.larvae.I_2020","frugiv","2020",NA,"pA1115",NA,NA,NA,NA,NA,1,1
"frugiv.larvae.I_2020","frugiv","2020",NA,"pA0103",NA,NA,NA,NA,NA,0,0
"frugiv.larvae.I_2020","frugiv","2020",NA,"pA0230",NA,NA,NA,NA,NA,0,0
"frugiv.larvae.I_2020","frugiv","2020",NA,"pA0251",NA,NA,NA,NA,NA,0,0
"frugiv.larvae.I_2020","frugiv","2020",NA,"pA0257",NA,NA,NA,NA,NA,0,0
"frugiv.larvae.I_2020","frugiv","2020",NA,"pA0271",NA,NA,NA,NA,NA,0,0
"frugiv.larvae.I_2020","frugiv","2020",NA,"pA0287",NA,NA,NA,NA,NA,0,0
"frugiv.larvae.I_2020","frugiv","2020",NA,"pA0294",NA,NA,NA,NA,NA,0,0
"frugiv.larvae.I_2020","frugiv","2020",NA,"pA0367",NA,NA,NA,NA,NA,0,0
"frugiv.larvae.I_2020","frugiv","2020",NA,"pA0372",NA,NA,NA,NA,NA,0,0
"frugiv.larvae.I_2020","frugiv","2020",NA,"pA0404",NA,NA,NA,NA,NA,0,0
"frugiv.larvae.I_2020","frugiv","2020",NA,"pA0455",NA,NA,NA,NA,NA,0,0
"frugiv.larvae.I_2020","frugiv","2020",NA,"pA0496",NA,NA,NA,NA,NA,0,0
"frugiv.larvae.I_2020","frugiv","2020",NA,"pA0507",NA,NA,NA,NA,NA,0,0
"frugiv.larvae.I_2020","frugiv","2020",NA,"pA0511",NA,NA,NA,NA,NA,0,0
"frugiv.larvae.I_2020","frugiv","2020",NA,"pA0563",NA,NA,NA,NA,NA,0,0
"frugiv.larvae.I_2020","frugiv","2020",NA,"pA0576",NA,NA,NA,NA,NA,0,0
"frugiv.larvae.I_2020","frugiv","2020",NA,"pA0589",NA,NA,NA,NA,NA,0,0
"frugiv.larvae.I_2020","frugiv","2020",NA,"pA0614",NA,NA,NA,NA,NA,0,0
"frugiv.larvae.I_2020","frugiv","2020",NA,"pA0664",NA,NA,NA,NA,NA,0,0
"frugiv.larvae.I_2020","frugiv","2020",NA,"pA0717",NA,NA,NA,NA,NA,0,0
"frugiv.larvae.I_2020","frugiv","2020",NA,"pA0721",NA,NA,NA,NA,NA,0,0
"frugiv.larvae.I_2020","frugiv","2020",NA,"pA0756",NA,NA,NA,NA,NA,0,0
"frugiv.larvae.I_2020","frugiv","2020",NA,"pA0772",NA,NA,NA,NA,NA,0,0
"frugiv.larvae.I_2020","frugiv","2020",NA,"pA0828",NA,NA,NA,NA,NA,0,0
"frugiv.larvae.I_2020","frugiv","2020",NA,"pA0829",NA,NA,NA,NA,NA,0,0
"frugiv.larvae.I_2020","frugiv","2020",NA,"pA0845",NA,NA,NA,NA,NA,0,0
"frugiv.larvae.I_2020","frugiv","2020",NA,"pA0907",NA,NA,NA,NA,NA,0,0
"frugiv.larvae.I_2020","frugiv","2020",NA,"pA1017",NA,NA,NA,NA,NA,0,0
"frugiv.larvae.I_2020","frugiv","2020",NA,"pA1119",NA,NA,NA,NA,NA,0,0
"frugiv.larvae.I_2020","frugiv","2020",NA,"pA1122",NA,NA,NA,NA,NA,0,0
"frugiv.larvae.I_2020","frugiv","2020",NA,"pA0304",NA,NA,NA,NA,NA,0,0
"frugiv.larvae.I_2020","frugiv","2020",NA,"pA0590",NA,NA,NA,NA,NA,0,0
"frugiv.larvae.I_2020","frugiv","2020",NA,"pA0602",NA,NA,NA,NA,NA,0,0
"frugiv.larvae.I_2020","frugiv","2020",NA,"pA0702",NA,NA,NA,NA,NA,0,0
"frugiv.larvae.I_2020","frugiv","2020",NA,"pA0855",NA,NA,NA,NA,NA,0,0
"frugiv.larvae.I_2020","frugiv","2020",NA,"pA0771",NA,NA,NA,NA,NA,NA,NA
"frugiv.larvae.I_2020","frugiv","2020",NA,"pA0529",NA,NA,NA,NA,NA,0,0
"frugiv.larvae.I_2020","frugiv","2020",NA,"pA0326",NA,NA,NA,NA,NA,1,8
"frugiv.larvae.I_2020","frugiv","2020",NA,"pA0671",NA,NA,NA,NA,NA,1,6
"frugiv.larvae.I_2020","frugiv","2020",NA,"pA0061",NA,NA,NA,NA,NA,1,5
"frugiv.larvae.I_2020","frugiv","2020",NA,"pA0625",NA,NA,NA,NA,NA,1,5
"frugiv.larvae.I_2020","frugiv","2020",NA,"pA0655",NA,NA,NA,NA,NA,1,5
"frugiv.larvae.I_2020","frugiv","2020",NA,"pA0985",NA,NA,NA,NA,NA,1,5
"frugiv.larvae.I_2020","frugiv","2020",NA,"pA0414",NA,NA,NA,NA,NA,1,5
"frugiv.larvae.I_2020","frugiv","2020",NA,"pA0334",NA,NA,NA,NA,NA,1,4
"frugiv.larvae.I_2020","frugiv","2020",NA,"pA0783",NA,NA,NA,NA,NA,1,4
"frugiv.larvae.I_2020","frugiv","2020",NA,"pA1064",NA,NA,NA,NA,NA,1,4
"frugiv.larvae.I_2020","frugiv","2020",NA,"pA0104",NA,NA,NA,NA,NA,1,4
"frugiv.larvae.I_2020","frugiv","2020",NA,"pA0678",NA,NA,NA,NA,NA,1,4
"frugiv.larvae.I_2020","frugiv","2020",NA,"pA0822",NA,NA,NA,NA,NA,1,4
"frugiv.larvae.I_2020","frugiv","2020",NA,"pA0905",NA,NA,NA,NA,NA,1,4
"frugiv.larvae.I_2020","frugiv","2020",NA,"pA0993",NA,NA,NA,NA,NA,1,4
"frugiv.larvae.I_2020","frugiv","2020",NA,"pA0043",NA,NA,NA,NA,NA,1,3
"frugiv.larvae.I_2020","frugiv","2020",NA,"pA0062",NA,NA,NA,NA,NA,1,3
"frugiv.larvae.I_2020","frugiv","2020",NA,"pA0297",NA,NA,NA,NA,NA,1,3
"frugiv.larvae.I_2020","frugiv","2020",NA,"pA0484",NA,NA,NA,NA,NA,1,3
"frugiv.larvae.I_2020","frugiv","2020",NA,"pA0565",NA,NA,NA,NA,NA,1,3
"frugiv.larvae.I_2020","frugiv","2020",NA,"pA0567",NA,NA,NA,NA,NA,1,3
"frugiv.larvae.I_2020","frugiv","2020",NA,"pA0711",NA,NA,NA,NA,NA,1,3
"frugiv.larvae.I_2020","frugiv","2020",NA,"pA0813",NA,NA,NA,NA,NA,1,3
"frugiv.larvae.I_2020","frugiv","2020",NA,"pA0022",NA,NA,NA,NA,NA,1,3
"frugiv.larvae.I_2020","frugiv","2020",NA,"pA0452",NA,NA,NA,NA,NA,1,3
"frugiv.larvae.I_2020","frugiv","2020",NA,"pA0075",NA,NA,NA,NA,NA,1,2
"frugiv.larvae.I_2020","frugiv","2020",NA,"pA0089",NA,NA,NA,NA,NA,1,2
"frugiv.larvae.I_2020","frugiv","2020",NA,"pA0141",NA,NA,NA,NA,NA,1,2
"frugiv.larvae.I_2020","frugiv","2020",NA,"pA0157",NA,NA,NA,NA,NA,1,2
"frugiv.larvae.I_2020","frugiv","2020",NA,"pA0173",NA,NA,NA,NA,NA,1,2
"frugiv.larvae.I_2020","frugiv","2020",NA,"pA0188",NA,NA,NA,NA,NA,1,2
"frugiv.larvae.I_2020","frugiv","2020",NA,"pA0225",NA,NA,NA,NA,NA,1,2
"frugiv.larvae.I_2020","frugiv","2020",NA,"pA0250",NA,NA,NA,NA,NA,1,2
"frugiv.larvae.I_2020","frugiv","2020",NA,"pA0286",NA,NA,NA,NA,NA,1,2
"frugiv.larvae.I_2020","frugiv","2020",NA,"pA0405",NA,NA,NA,NA,NA,1,2
"frugiv.larvae.I_2020","frugiv","2020",NA,"pA0431",NA,NA,NA,NA,NA,1,2
"frugiv.larvae.I_2020","frugiv","2020",NA,"pA0592",NA,NA,NA,NA,NA,1,2
"frugiv.larvae.I_2020","frugiv","2020",NA,"pA0637",NA,NA,NA,NA,NA,1,2
"frugiv.larvae.I_2020","frugiv","2020",NA,"pA0720",NA,NA,NA,NA,NA,1,2
"frugiv.larvae.I_2020","frugiv","2020",NA,"pA0780",NA,NA,NA,NA,NA,1,2
"frugiv.larvae.I_2020","frugiv","2020",NA,"pA0858",NA,NA,NA,NA,NA,1,2
"frugiv.larvae.I_2020","frugiv","2020",NA,"pA0878",NA,NA,NA,NA,NA,1,2
"frugiv.larvae.I_2020","frugiv","2020",NA,"pA0914",NA,NA,NA,NA,NA,1,2
"frugiv.larvae.I_2020","frugiv","2020",NA,"pA0933",NA,NA,NA,NA,NA,1,2
"frugiv.larvae.I_2020","frugiv","2020",NA,"pA1041",NA,NA,NA,NA,NA,1,2
"frugiv.larvae.I_2020","frugiv","2020",NA,"pA1074",NA,NA,NA,NA,NA,1,2
"frugiv.larvae.I_2020","frugiv","2020",NA,"pA1111",NA,NA,NA,NA,NA,1,2
"frugiv.larvae.I_2020","frugiv","2020",NA,"pA1206",NA,NA,NA,NA,NA,1,2
"frugiv.larvae.I_2020","frugiv","2020",NA,"pA1243",NA,NA,NA,NA,NA,1,2
"frugiv.larvae.I_2020","frugiv","2020",NA,"pA0392",NA,NA,NA,NA,NA,1,2
"frugiv.larvae.I_2020","frugiv","2020",NA,"pA0555",NA,NA,NA,NA,NA,1,2
"frugiv.larvae.I_2020","frugiv","2020",NA,"pA0582",NA,NA,NA,NA,NA,1,2
"frugiv.larvae.I_2020","frugiv","2020",NA,"pA0737",NA,NA,NA,NA,NA,1,2
"frugiv.larvae.I_2020","frugiv","2020",NA,"pA0768",NA,NA,NA,NA,NA,1,2
"frugiv.larvae.I_2020","frugiv","2020",NA,"pA0840",NA,NA,NA,NA,NA,1,2
"frugiv.larvae.I_2020","frugiv","2020",NA,"pA0862",NA,NA,NA,NA,NA,1,2
"frugiv.larvae.I_2020","frugiv","2020",NA,"pA0965",NA,NA,NA,NA,NA,1,2
"frugiv.larvae.I_2020","frugiv","2020",NA,"pA1069",NA,NA,NA,NA,NA,1,2
"frugiv.larvae.I_2020","frugiv","2020",NA,"pA1118",NA,NA,NA,NA,NA,1,2
"frugiv.larvae.I_2020","frugiv","2020",NA,"pA1171",NA,NA,NA,NA,NA,1,2
"frugiv.larvae.I_2020","frugiv","2020",NA,"pA0015",NA,NA,NA,NA,NA,1,1
"frugiv.larvae.I_2020","frugiv","2020",NA,"pA0026",NA,NA,NA,NA,NA,1,1
"frugiv.larvae.I_2020","frugiv","2020",NA,"pA0029",NA,NA,NA,NA,NA,1,1
"frugiv.larvae.I_2020","frugiv","2020",NA,"pA0033",NA,NA,NA,NA,NA,1,1
"frugiv.larvae.I_2020","frugiv","2020",NA,"pA0036",NA,NA,NA,NA,NA,1,1
"frugiv.larvae.I_2020","frugiv","2020",NA,"pA0041",NA,NA,NA,NA,NA,1,1
"frugiv.larvae.I_2020","frugiv","2020",NA,"pA0042",NA,NA,NA,NA,NA,1,1
"frugiv.larvae.I_2020","frugiv","2020",NA,"pA0049",NA,NA,NA,NA,NA,1,1
"frugiv.larvae.I_2020","frugiv","2020",NA,"pA0052",NA,NA,NA,NA,NA,1,1
"frugiv.larvae.I_2020","frugiv","2020",NA,"pA0076",NA,NA,NA,NA,NA,1,1
"frugiv.larvae.I_2020","frugiv","2020",NA,"pA0090",NA,NA,NA,NA,NA,1,1
"frugiv.larvae.I_2020","frugiv","2020",NA,"pA0095",NA,NA,NA,NA,NA,1,1
"frugiv.larvae.I_2020","frugiv","2020",NA,"pA0109",NA,NA,NA,NA,NA,1,1
"frugiv.larvae.I_2020","frugiv","2020",NA,"pA0134",NA,NA,NA,NA,NA,1,1
"frugiv.larvae.I_2020","frugiv","2020",NA,"pA0137",NA,NA,NA,NA,NA,1,1
"frugiv.larvae.I_2020","frugiv","2020",NA,"pA0153",NA,NA,NA,NA,NA,1,1
"frugiv.larvae.I_2020","frugiv","2020",NA,"pA0160",NA,NA,NA,NA,NA,1,1
"frugiv.larvae.I_2020","frugiv","2020",NA,"pA0171",NA,NA,NA,NA,NA,1,1
"frugiv.larvae.I_2020","frugiv","2020",NA,"pA0194",NA,NA,NA,NA,NA,1,1
"frugiv.larvae.I_2020","frugiv","2020",NA,"pA0197",NA,NA,NA,NA,NA,1,1
"frugiv.larvae.I_2020","frugiv","2020",NA,"pA0198",NA,NA,NA,NA,NA,1,1
"frugiv.larvae.I_2020","frugiv","2020",NA,"pA0204",NA,NA,NA,NA,NA,1,1
"frugiv.larvae.I_2020","frugiv","2020",NA,"pA0210",NA,NA,NA,NA,NA,1,1
"frugiv.larvae.I_2020","frugiv","2020",NA,"pA0216",NA,NA,NA,NA,NA,1,1
"frugiv.larvae.I_2020","frugiv","2020",NA,"pA0231",NA,NA,NA,NA,NA,1,1
"frugiv.larvae.I_2020","frugiv","2020",NA,"pA0232",NA,NA,NA,NA,NA,1,1
"frugiv.larvae.I_2020","frugiv","2020",NA,"pA0277",NA,NA,NA,NA,NA,1,1
"frugiv.larvae.I_2020","frugiv","2020",NA,"pA0288",NA,NA,NA,NA,NA,1,1
"frugiv.larvae.I_2020","frugiv","2020",NA,"pA0290",NA,NA,NA,NA,NA,1,1
"frugiv.larvae.I_2020","frugiv","2020",NA,"pA0295",NA,NA,NA,NA,NA,1,1
"frugiv.larvae.I_2020","frugiv","2020",NA,"pA0325",NA,NA,NA,NA,NA,1,1
"frugiv.larvae.I_2020","frugiv","2020",NA,"pA0337",NA,NA,NA,NA,NA,1,1
"frugiv.larvae.I_2020","frugiv","2020",NA,"pA0354",NA,NA,NA,NA,NA,1,1
"frugiv.larvae.I_2020","frugiv","2020",NA,"pA0369",NA,NA,NA,NA,NA,1,1
"frugiv.larvae.I_2020","frugiv","2020",NA,"pA0389",NA,NA,NA,NA,NA,1,1
"frugiv.larvae.I_2020","frugiv","2020",NA,"pA0408",NA,NA,NA,NA,NA,1,1
"frugiv.larvae.I_2020","frugiv","2020",NA,"pA0413",NA,NA,NA,NA,NA,1,1
"frugiv.larvae.I_2020","frugiv","2020",NA,"pA0417",NA,NA,NA,NA,NA,1,1
"frugiv.larvae.I_2020","frugiv","2020",NA,"pA0449",NA,NA,NA,NA,NA,1,1
"frugiv.larvae.I_2020","frugiv","2020",NA,"pA0481",NA,NA,NA,NA,NA,1,1
"frugiv.larvae.I_2020","frugiv","2020",NA,"pA0493",NA,NA,NA,NA,NA,1,1
"frugiv.larvae.I_2020","frugiv","2020",NA,"pA0499",NA,NA,NA,NA,NA,1,1
"frugiv.larvae.I_2020","frugiv","2020",NA,"pA0502",NA,NA,NA,NA,NA,1,1
"frugiv.larvae.I_2020","frugiv","2020",NA,"pA0510",NA,NA,NA,NA,NA,1,1
"frugiv.larvae.I_2020","frugiv","2020",NA,"pA0542",NA,NA,NA,NA,NA,1,1
"frugiv.larvae.I_2020","frugiv","2020",NA,"pA0559",NA,NA,NA,NA,NA,1,1
"frugiv.larvae.I_2020","frugiv","2020",NA,"pA0572",NA,NA,NA,NA,NA,1,1
"frugiv.larvae.I_2020","frugiv","2020",NA,"pA0630",NA,NA,NA,NA,NA,1,1
"frugiv.larvae.I_2020","frugiv","2020",NA,"pA0639",NA,NA,NA,NA,NA,1,1
"frugiv.larvae.I_2020","frugiv","2020",NA,"pA0676",NA,NA,NA,NA,NA,1,1
"frugiv.larvae.I_2020","frugiv","2020",NA,"pA0681",NA,NA,NA,NA,NA,1,1
"frugiv.larvae.I_2020","frugiv","2020",NA,"pA0693",NA,NA,NA,NA,NA,1,1
"frugiv.larvae.I_2020","frugiv","2020",NA,"pA0699",NA,NA,NA,NA,NA,1,1
"frugiv.larvae.I_2020","frugiv","2020",NA,"pA0707",NA,NA,NA,NA,NA,1,1
"frugiv.larvae.I_2020","frugiv","2020",NA,"pA0731",NA,NA,NA,NA,NA,1,1
"frugiv.larvae.I_2020","frugiv","2020",NA,"pA0740",NA,NA,NA,NA,NA,1,1
"frugiv.larvae.I_2020","frugiv","2020",NA,"pA0749",NA,NA,NA,NA,NA,1,1
"frugiv.larvae.I_2020","frugiv","2020",NA,"pA0750",NA,NA,NA,NA,NA,1,1
"frugiv.larvae.I_2020","frugiv","2020",NA,"pA0754",NA,NA,NA,NA,NA,1,1
"frugiv.larvae.I_2020","frugiv","2020",NA,"pA0764",NA,NA,NA,NA,NA,1,1
"frugiv.larvae.I_2020","frugiv","2020",NA,"pA0777",NA,NA,NA,NA,NA,1,1
"frugiv.larvae.I_2020","frugiv","2020",NA,"pA0797",NA,NA,NA,NA,NA,1,1
"frugiv.larvae.I_2020","frugiv","2020",NA,"pA0901",NA,NA,NA,NA,NA,1,1
"frugiv.larvae.I_2020","frugiv","2020",NA,"pA0912",NA,NA,NA,NA,NA,1,1
"frugiv.larvae.I_2020","frugiv","2020",NA,"pA0932",NA,NA,NA,NA,NA,1,1
"frugiv.larvae.I_2020","frugiv","2020",NA,"pA0941",NA,NA,NA,NA,NA,1,1
"frugiv.larvae.I_2020","frugiv","2020",NA,"pA0947",NA,NA,NA,NA,NA,1,1
"frugiv.larvae.I_2020","frugiv","2020",NA,"pA0953",NA,NA,NA,NA,NA,1,1
"frugiv.larvae.I_2020","frugiv","2020",NA,"pA0960",NA,NA,NA,NA,NA,1,1
"frugiv.larvae.I_2020","frugiv","2020",NA,"pA0988",NA,NA,NA,NA,NA,1,1
"frugiv.larvae.I_2020","frugiv","2020",NA,"pA1012",NA,NA,NA,NA,NA,1,1
"frugiv.larvae.I_2020","frugiv","2020",NA,"pA1029",NA,NA,NA,NA,NA,1,1
"frugiv.larvae.I_2020","frugiv","2020",NA,"pA1044",NA,NA,NA,NA,NA,1,1
"frugiv.larvae.I_2020","frugiv","2020",NA,"pA1051",NA,NA,NA,NA,NA,1,1
"frugiv.larvae.I_2020","frugiv","2020",NA,"pA1070",NA,NA,NA,NA,NA,1,1
"frugiv.larvae.I_2020","frugiv","2020",NA,"pA1085",NA,NA,NA,NA,NA,1,1
"frugiv.larvae.I_2020","frugiv","2020",NA,"pA1098",NA,NA,NA,NA,NA,1,1
"frugiv.larvae.I_2020","frugiv","2020",NA,"pA1133",NA,NA,NA,NA,NA,1,1
"frugiv.larvae.I_2020","frugiv","2020",NA,"pA1186",NA,NA,NA,NA,NA,1,1
"frugiv.larvae.I_2020","frugiv","2020",NA,"pA0011",NA,NA,NA,NA,NA,1,1
"frugiv.larvae.I_2020","frugiv","2020",NA,"pA0012",NA,NA,NA,NA,NA,1,1
"frugiv.larvae.I_2020","frugiv","2020",NA,"pA0021",NA,NA,NA,NA,NA,1,1
"frugiv.larvae.I_2020","frugiv","2020",NA,"pA0064",NA,NA,NA,NA,NA,1,1
"frugiv.larvae.I_2020","frugiv","2020",NA,"pA0282",NA,NA,NA,NA,NA,1,1
"frugiv.larvae.I_2020","frugiv","2020",NA,"pA0284",NA,NA,NA,NA,NA,1,1
"frugiv.larvae.I_2020","frugiv","2020",NA,"pA0303",NA,NA,NA,NA,NA,1,1
"frugiv.larvae.I_2020","frugiv","2020",NA,"pA0425",NA,NA,NA,NA,NA,1,1
"frugiv.larvae.I_2020","frugiv","2020",NA,"pA0464",NA,NA,NA,NA,NA,1,1
"frugiv.larvae.I_2020","frugiv","2020",NA,"pA0533",NA,NA,NA,NA,NA,1,1
"frugiv.larvae.I_2020","frugiv","2020",NA,"pA0609",NA,NA,NA,NA,NA,1,1
"frugiv.larvae.I_2020","frugiv","2020",NA,"pA0620",NA,NA,NA,NA,NA,1,1
"frugiv.larvae.I_2020","frugiv","2020",NA,"pA0624",NA,NA,NA,NA,NA,1,1
"frugiv.larvae.I_2020","frugiv","2020",NA,"pA0648",NA,NA,NA,NA,NA,1,1
"frugiv.larvae.I_2020","frugiv","2020",NA,"pA0650",NA,NA,NA,NA,NA,1,1
"frugiv.larvae.I_2020","frugiv","2020",NA,"pA0651",NA,NA,NA,NA,NA,1,1
"frugiv.larvae.I_2020","frugiv","2020",NA,"pA0653",NA,NA,NA,NA,NA,1,1
"frugiv.larvae.I_2020","frugiv","2020",NA,"pA0654",NA,NA,NA,NA,NA,1,1
"frugiv.larvae.I_2020","frugiv","2020",NA,"pA0661",NA,NA,NA,NA,NA,1,1
"frugiv.larvae.I_2020","frugiv","2020",NA,"pA0667",NA,NA,NA,NA,NA,1,1
"frugiv.larvae.I_2020","frugiv","2020",NA,"pA0726",NA,NA,NA,NA,NA,1,1
"frugiv.larvae.I_2020","frugiv","2020",NA,"pA0804",NA,NA,NA,NA,NA,1,1
"frugiv.larvae.I_2020","frugiv","2020",NA,"pA0841",NA,NA,NA,NA,NA,1,1
"frugiv.larvae.I_2020","frugiv","2020",NA,"pA0900",NA,NA,NA,NA,NA,1,1
"frugiv.larvae.I_2020","frugiv","2020",NA,"pA0927",NA,NA,NA,NA,NA,1,1
"frugiv.larvae.I_2020","frugiv","2020",NA,"pA0931",NA,NA,NA,NA,NA,1,1
"frugiv.larvae.I_2020","frugiv","2020",NA,"pA1002",NA,NA,NA,NA,NA,1,1
"frugiv.larvae.I_2020","frugiv","2020",NA,"pA1009",NA,NA,NA,NA,NA,1,1
"frugiv.larvae.I_2020","frugiv","2020",NA,"pA1124",NA,NA,NA,NA,NA,1,1
"frugiv.larvae.I_2020","frugiv","2020",NA,"pA1127",NA,NA,NA,NA,NA,1,1
"frugiv.larvae.I_2020","frugiv","2020",NA,"pA1128",NA,NA,NA,NA,NA,1,1
"frugiv.larvae.I_2020","frugiv","2020",NA,"pA1149",NA,NA,NA,NA,NA,1,1
"frugiv.larvae.I_2020","frugiv","2020",NA,"pA1172",NA,NA,NA,NA,NA,1,1
"frugiv.larvae.I_2020","frugiv","2020",NA,"pA1205",NA,NA,NA,NA,NA,1,1
"frugiv.larvae.I_2020","frugiv","2020",NA,"pA1211",NA,NA,NA,NA,NA,1,1
"frugiv.larvae.I_2020","frugiv","2020",NA,"pA0001",NA,NA,NA,NA,NA,0,0
"frugiv.larvae.I_2020","frugiv","2020",NA,"pA0002",NA,NA,NA,NA,NA,0,0
"frugiv.larvae.I_2020","frugiv","2020",NA,"pA0003",NA,NA,NA,NA,NA,0,0
"frugiv.larvae.I_2020","frugiv","2020",NA,"pA0006",NA,NA,NA,NA,NA,0,0
"frugiv.larvae.I_2020","frugiv","2020",NA,"pA0010",NA,NA,NA,NA,NA,0,0
"frugiv.larvae.I_2020","frugiv","2020",NA,"pA0013",NA,NA,NA,NA,NA,0,0
"frugiv.larvae.I_2020","frugiv","2020",NA,"pA0014",NA,NA,NA,NA,NA,0,0
"frugiv.larvae.I_2020","frugiv","2020",NA,"pA0016",NA,NA,NA,NA,NA,0,0
"frugiv.larvae.I_2020","frugiv","2020",NA,"pA0017",NA,NA,NA,NA,NA,0,0
"frugiv.larvae.I_2020","frugiv","2020",NA,"pA0019",NA,NA,NA,NA,NA,0,0
"frugiv.larvae.I_2020","frugiv","2020",NA,"pA0024",NA,NA,NA,NA,NA,0,0
"frugiv.larvae.I_2020","frugiv","2020",NA,"pA0025",NA,NA,NA,NA,NA,0,0
"frugiv.larvae.I_2020","frugiv","2020",NA,"pA0028",NA,NA,NA,NA,NA,0,0
"frugiv.larvae.I_2020","frugiv","2020",NA,"pA0030",NA,NA,NA,NA,NA,0,0
"frugiv.larvae.I_2020","frugiv","2020",NA,"pA0031",NA,NA,NA,NA,NA,0,0
"frugiv.larvae.I_2020","frugiv","2020",NA,"pA0032",NA,NA,NA,NA,NA,0,0
"frugiv.larvae.I_2020","frugiv","2020",NA,"pA0034",NA,NA,NA,NA,NA,0,0
"frugiv.larvae.I_2020","frugiv","2020",NA,"pA0037",NA,NA,NA,NA,NA,0,0
"frugiv.larvae.I_2020","frugiv","2020",NA,"pA0038",NA,NA,NA,NA,NA,0,0
"frugiv.larvae.I_2020","frugiv","2020",NA,"pA0039",NA,NA,NA,NA,NA,0,0
"frugiv.larvae.I_2020","frugiv","2020",NA,"pA0040",NA,NA,NA,NA,NA,0,0
"frugiv.larvae.I_2020","frugiv","2020",NA,"pA0044",NA,NA,NA,NA,NA,0,0
"frugiv.larvae.I_2020","frugiv","2020",NA,"pA0045",NA,NA,NA,NA,NA,0,0
"frugiv.larvae.I_2020","frugiv","2020",NA,"pA0046",NA,NA,NA,NA,NA,0,0
"frugiv.larvae.I_2020","frugiv","2020",NA,"pA0047",NA,NA,NA,NA,NA,0,0
"frugiv.larvae.I_2020","frugiv","2020",NA,"pA0048",NA,NA,NA,NA,NA,0,0
"frugiv.larvae.I_2020","frugiv","2020",NA,"pA0051",NA,NA,NA,NA,NA,0,0
"frugiv.larvae.I_2020","frugiv","2020",NA,"pA0053",NA,NA,NA,NA,NA,0,0
"frugiv.larvae.I_2020","frugiv","2020",NA,"pA0054",NA,NA,NA,NA,NA,0,0
"frugiv.larvae.I_2020","frugiv","2020",NA,"pA0055",NA,NA,NA,NA,NA,0,0
"frugiv.larvae.I_2020","frugiv","2020",NA,"pA0056",NA,NA,NA,NA,NA,0,0
"frugiv.larvae.I_2020","frugiv","2020",NA,"pA0057",NA,NA,NA,NA,NA,0,0
"frugiv.larvae.I_2020","frugiv","2020",NA,"pA0058",NA,NA,NA,NA,NA,0,0
"frugiv.larvae.I_2020","frugiv","2020",NA,"pA0059",NA,NA,NA,NA,NA,0,0
"frugiv.larvae.I_2020","frugiv","2020",NA,"pA0060",NA,NA,NA,NA,NA,0,0
"frugiv.larvae.I_2020","frugiv","2020",NA,"pA0065",NA,NA,NA,NA,NA,0,0
"frugiv.larvae.I_2020","frugiv","2020",NA,"pA0066",NA,NA,NA,NA,NA,0,0
"frugiv.larvae.I_2020","frugiv","2020",NA,"pA0067",NA,NA,NA,NA,NA,0,0
"frugiv.larvae.I_2020","frugiv","2020",NA,"pA0069",NA,NA,NA,NA,NA,0,0
"frugiv.larvae.I_2020","frugiv","2020",NA,"pA0070",NA,NA,NA,NA,NA,0,0
"frugiv.larvae.I_2020","frugiv","2020",NA,"pA0071",NA,NA,NA,NA,NA,0,0
"frugiv.larvae.I_2020","frugiv","2020",NA,"pA0072",NA,NA,NA,NA,NA,0,0
"frugiv.larvae.I_2020","frugiv","2020",NA,"pA0073",NA,NA,NA,NA,NA,0,0
"frugiv.larvae.I_2020","frugiv","2020",NA,"pA0074",NA,NA,NA,NA,NA,0,0
"frugiv.larvae.I_2020","frugiv","2020",NA,"pA0078",NA,NA,NA,NA,NA,0,0
"frugiv.larvae.I_2020","frugiv","2020",NA,"pA0079",NA,NA,NA,NA,NA,0,0
"frugiv.larvae.I_2020","frugiv","2020",NA,"pA008",NA,NA,NA,NA,NA,0,0
"frugiv.larvae.I_2020","frugiv","2020",NA,"pA0082",NA,NA,NA,NA,NA,0,0
"frugiv.larvae.I_2020","frugiv","2020",NA,"pA00835",NA,NA,NA,NA,NA,0,0
"frugiv.larvae.I_2020","frugiv","2020",NA,"pA0084",NA,NA,NA,NA,NA,0,0
"frugiv.larvae.I_2020","frugiv","2020",NA,"pA0087",NA,NA,NA,NA,NA,0,0
"frugiv.larvae.I_2020","frugiv","2020",NA,"pA0088",NA,NA,NA,NA,NA,0,0
"frugiv.larvae.I_2020","frugiv","2020",NA,"pA0093",NA,NA,NA,NA,NA,0,0
"frugiv.larvae.I_2020","frugiv","2020",NA,"pA0097",NA,NA,NA,NA,NA,0,0
"frugiv.larvae.I_2020","frugiv","2020",NA,"pA0098",NA,NA,NA,NA,NA,0,0
"frugiv.larvae.I_2020","frugiv","2020",NA,"pA0099",NA,NA,NA,NA,NA,0,0
"frugiv.larvae.I_2020","frugiv","2020",NA,"pA0101",NA,NA,NA,NA,NA,0,0
"frugiv.larvae.I_2020","frugiv","2020",NA,"pA0105",NA,NA,NA,NA,NA,0,0
"frugiv.larvae.I_2020","frugiv","2020",NA,"pA0108",NA,NA,NA,NA,NA,0,0
"frugiv.larvae.I_2020","frugiv","2020",NA,"pA0111",NA,NA,NA,NA,NA,0,0
"frugiv.larvae.I_2020","frugiv","2020",NA,"pA0112",NA,NA,NA,NA,NA,0,0
"frugiv.larvae.I_2020","frugiv","2020",NA,"pA0113",NA,NA,NA,NA,NA,0,0
"frugiv.larvae.I_2020","frugiv","2020",NA,"pA0115",NA,NA,NA,NA,NA,0,0
"frugiv.larvae.I_2020","frugiv","2020",NA,"pA0116",NA,NA,NA,NA,NA,0,0
"frugiv.larvae.I_2020","frugiv","2020",NA,"pA0117",NA,NA,NA,NA,NA,0,0
"frugiv.larvae.I_2020","frugiv","2020",NA,"pA0118",NA,NA,NA,NA,NA,0,0
"frugiv.larvae.I_2020","frugiv","2020",NA,"pA0119",NA,NA,NA,NA,NA,0,0
"frugiv.larvae.I_2020","frugiv","2020",NA,"pA0120",NA,NA,NA,NA,NA,0,0
"frugiv.larvae.I_2020","frugiv","2020",NA,"pA0121",NA,NA,NA,NA,NA,0,0
"frugiv.larvae.I_2020","frugiv","2020",NA,"pA0124",NA,NA,NA,NA,NA,0,0
"frugiv.larvae.I_2020","frugiv","2020",NA,"pA0126",NA,NA,NA,NA,NA,0,0
"frugiv.larvae.I_2020","frugiv","2020",NA,"pA0127",NA,NA,NA,NA,NA,0,0
"frugiv.larvae.I_2020","frugiv","2020",NA,"pA0128",NA,NA,NA,NA,NA,0,0
"frugiv.larvae.I_2020","frugiv","2020",NA,"pA0129",NA,NA,NA,NA,NA,0,0
"frugiv.larvae.I_2020","frugiv","2020",NA,"pA0130",NA,NA,NA,NA,NA,0,0
"frugiv.larvae.I_2020","frugiv","2020",NA,"pA0131",NA,NA,NA,NA,NA,0,0
"frugiv.larvae.I_2020","frugiv","2020",NA,"pA0132",NA,NA,NA,NA,NA,0,0
"frugiv.larvae.I_2020","frugiv","2020",NA,"pA0133",NA,NA,NA,NA,NA,0,0
"frugiv.larvae.I_2020","frugiv","2020",NA,"pA0136",NA,NA,NA,NA,NA,0,0
"frugiv.larvae.I_2020","frugiv","2020",NA,"pA0140",NA,NA,NA,NA,NA,0,0
"frugiv.larvae.I_2020","frugiv","2020",NA,"pA0142",NA,NA,NA,NA,NA,0,0
"frugiv.larvae.I_2020","frugiv","2020",NA,"pA0143",NA,NA,NA,NA,NA,0,0
"frugiv.larvae.I_2020","frugiv","2020",NA,"pA0145",NA,NA,NA,NA,NA,0,0
"frugiv.larvae.I_2020","frugiv","2020",NA,"pA0147",NA,NA,NA,NA,NA,0,0
"frugiv.larvae.I_2020","frugiv","2020",NA,"pA0149",NA,NA,NA,NA,NA,0,0
"frugiv.larvae.I_2020","frugiv","2020",NA,"pA0151",NA,NA,NA,NA,NA,0,0
"frugiv.larvae.I_2020","frugiv","2020",NA,"pA0152",NA,NA,NA,NA,NA,0,0
"frugiv.larvae.I_2020","frugiv","2020",NA,"pA0155",NA,NA,NA,NA,NA,0,0
"frugiv.larvae.I_2020","frugiv","2020",NA,"pA0158",NA,NA,NA,NA,NA,0,0
"frugiv.larvae.I_2020","frugiv","2020",NA,"pA0159",NA,NA,NA,NA,NA,0,0
"frugiv.larvae.I_2020","frugiv","2020",NA,"pA0161",NA,NA,NA,NA,NA,0,0
"frugiv.larvae.I_2020","frugiv","2020",NA,"pA0162",NA,NA,NA,NA,NA,0,0
"frugiv.larvae.I_2020","frugiv","2020",NA,"pA0163",NA,NA,NA,NA,NA,0,0
"frugiv.larvae.I_2020","frugiv","2020",NA,"pA0164",NA,NA,NA,NA,NA,0,0
"frugiv.larvae.I_2020","frugiv","2020",NA,"pA0165",NA,NA,NA,NA,NA,0,0
"frugiv.larvae.I_2020","frugiv","2020",NA,"pA0166",NA,NA,NA,NA,NA,0,0
"frugiv.larvae.I_2020","frugiv","2020",NA,"pA0168",NA,NA,NA,NA,NA,0,0
"frugiv.larvae.I_2020","frugiv","2020",NA,"pA0174",NA,NA,NA,NA,NA,0,0
"frugiv.larvae.I_2020","frugiv","2020",NA,"pA0175",NA,NA,NA,NA,NA,0,0
"frugiv.larvae.I_2020","frugiv","2020",NA,"pA0176",NA,NA,NA,NA,NA,0,0
"frugiv.larvae.I_2020","frugiv","2020",NA,"pA0177",NA,NA,NA,NA,NA,0,0
"frugiv.larvae.I_2020","frugiv","2020",NA,"pA0178",NA,NA,NA,NA,NA,0,0
"frugiv.larvae.I_2020","frugiv","2020",NA,"pA0180",NA,NA,NA,NA,NA,0,0
"frugiv.larvae.I_2020","frugiv","2020",NA,"pA0183",NA,NA,NA,NA,NA,0,0
"frugiv.larvae.I_2020","frugiv","2020",NA,"pA0186",NA,NA,NA,NA,NA,0,0
"frugiv.larvae.I_2020","frugiv","2020",NA,"pA0187",NA,NA,NA,NA,NA,0,0
"frugiv.larvae.I_2020","frugiv","2020",NA,"pA0189",NA,NA,NA,NA,NA,0,0
"frugiv.larvae.I_2020","frugiv","2020",NA,"pA0192",NA,NA,NA,NA,NA,0,0
"frugiv.larvae.I_2020","frugiv","2020",NA,"pA0193",NA,NA,NA,NA,NA,0,0
"frugiv.larvae.I_2020","frugiv","2020",NA,"pA0196",NA,NA,NA,NA,NA,0,0
"frugiv.larvae.I_2020","frugiv","2020",NA,"pA0199",NA,NA,NA,NA,NA,0,0
"frugiv.larvae.I_2020","frugiv","2020",NA,"pA0200",NA,NA,NA,NA,NA,0,0
"frugiv.larvae.I_2020","frugiv","2020",NA,"pA0201",NA,NA,NA,NA,NA,0,0
"frugiv.larvae.I_2020","frugiv","2020",NA,"pA0202",NA,NA,NA,NA,NA,0,0
"frugiv.larvae.I_2020","frugiv","2020",NA,"pA0203",NA,NA,NA,NA,NA,0,0
"frugiv.larvae.I_2020","frugiv","2020",NA,"pA0205",NA,NA,NA,NA,NA,0,0
"frugiv.larvae.I_2020","frugiv","2020",NA,"pA0206",NA,NA,NA,NA,NA,0,0
"frugiv.larvae.I_2020","frugiv","2020",NA,"pA0208",NA,NA,NA,NA,NA,0,0
"frugiv.larvae.I_2020","frugiv","2020",NA,"pA0209",NA,NA,NA,NA,NA,0,0
"frugiv.larvae.I_2020","frugiv","2020",NA,"pA0211",NA,NA,NA,NA,NA,0,0
"frugiv.larvae.I_2020","frugiv","2020",NA,"pA0213",NA,NA,NA,NA,NA,0,0
"frugiv.larvae.I_2020","frugiv","2020",NA,"pA0214",NA,NA,NA,NA,NA,0,0
"frugiv.larvae.I_2020","frugiv","2020",NA,"pA0215",NA,NA,NA,NA,NA,0,0
"frugiv.larvae.I_2020","frugiv","2020",NA,"pA0217",NA,NA,NA,NA,NA,0,0
"frugiv.larvae.I_2020","frugiv","2020",NA,"pA0218",NA,NA,NA,NA,NA,0,0
"frugiv.larvae.I_2020","frugiv","2020",NA,"pA0219",NA,NA,NA,NA,NA,0,0
"frugiv.larvae.I_2020","frugiv","2020",NA,"pA0220",NA,NA,NA,NA,NA,0,0
"frugiv.larvae.I_2020","frugiv","2020",NA,"pA0221",NA,NA,NA,NA,NA,0,0
"frugiv.larvae.I_2020","frugiv","2020",NA,"pA0222",NA,NA,NA,NA,NA,0,0
"frugiv.larvae.I_2020","frugiv","2020",NA,"pA0226",NA,NA,NA,NA,NA,0,0
"frugiv.larvae.I_2020","frugiv","2020",NA,"pA0227",NA,NA,NA,NA,NA,0,0
"frugiv.larvae.I_2020","frugiv","2020",NA,"pA0228",NA,NA,NA,NA,NA,0,0
"frugiv.larvae.I_2020","frugiv","2020",NA,"pA0229",NA,NA,NA,NA,NA,0,0
"frugiv.larvae.I_2020","frugiv","2020",NA,"pA0235",NA,NA,NA,NA,NA,0,0
"frugiv.larvae.I_2020","frugiv","2020",NA,"pA0236",NA,NA,NA,NA,NA,0,0
"frugiv.larvae.I_2020","frugiv","2020",NA,"pA0237",NA,NA,NA,NA,NA,0,0
"frugiv.larvae.I_2020","frugiv","2020",NA,"pA0241",NA,NA,NA,NA,NA,0,0
"frugiv.larvae.I_2020","frugiv","2020",NA,"pA0242",NA,NA,NA,NA,NA,0,0
"frugiv.larvae.I_2020","frugiv","2020",NA,"pA0244",NA,NA,NA,NA,NA,0,0
"frugiv.larvae.I_2020","frugiv","2020",NA,"pA0245",NA,NA,NA,NA,NA,0,0
"frugiv.larvae.I_2020","frugiv","2020",NA,"pA0246",NA,NA,NA,NA,NA,0,0
"frugiv.larvae.I_2020","frugiv","2020",NA,"pA0247",NA,NA,NA,NA,NA,0,0
"frugiv.larvae.I_2020","frugiv","2020",NA,"pA0249",NA,NA,NA,NA,NA,0,0
"frugiv.larvae.I_2020","frugiv","2020",NA,"pA0252",NA,NA,NA,NA,NA,0,0
"frugiv.larvae.I_2020","frugiv","2020",NA,"pA0254",NA,NA,NA,NA,NA,0,0
"frugiv.larvae.I_2020","frugiv","2020",NA,"pA0255",NA,NA,NA,NA,NA,0,0
"frugiv.larvae.I_2020","frugiv","2020",NA,"pA0258",NA,NA,NA,NA,NA,0,0
"frugiv.larvae.I_2020","frugiv","2020",NA,"pA0259",NA,NA,NA,NA,NA,0,0
"frugiv.larvae.I_2020","frugiv","2020",NA,"pA0260",NA,NA,NA,NA,NA,0,0
"frugiv.larvae.I_2020","frugiv","2020",NA,"pA0261",NA,NA,NA,NA,NA,0,0
"frugiv.larvae.I_2020","frugiv","2020",NA,"pA0263",NA,NA,NA,NA,NA,0,0
"frugiv.larvae.I_2020","frugiv","2020",NA,"pA0264",NA,NA,NA,NA,NA,0,0
"frugiv.larvae.I_2020","frugiv","2020",NA,"pA0265",NA,NA,NA,NA,NA,0,0
"frugiv.larvae.I_2020","frugiv","2020",NA,"pA0266",NA,NA,NA,NA,NA,0,0
"frugiv.larvae.I_2020","frugiv","2020",NA,"pA0268",NA,NA,NA,NA,NA,0,0
"frugiv.larvae.I_2020","frugiv","2020",NA,"pA0270",NA,NA,NA,NA,NA,0,0
"frugiv.larvae.I_2020","frugiv","2020",NA,"pA0273",NA,NA,NA,NA,NA,0,0
"frugiv.larvae.I_2020","frugiv","2020",NA,"pA0274",NA,NA,NA,NA,NA,0,0
"frugiv.larvae.I_2020","frugiv","2020",NA,"pA0275",NA,NA,NA,NA,NA,0,0
"frugiv.larvae.I_2020","frugiv","2020",NA,"pA0276",NA,NA,NA,NA,NA,0,0
"frugiv.larvae.I_2020","frugiv","2020",NA,"pA0278",NA,NA,NA,NA,NA,0,0
"frugiv.larvae.I_2020","frugiv","2020",NA,"pA0285",NA,NA,NA,NA,NA,0,0
"frugiv.larvae.I_2020","frugiv","2020",NA,"pA0289",NA,NA,NA,NA,NA,0,0
"frugiv.larvae.I_2020","frugiv","2020",NA,"pA0291",NA,NA,NA,NA,NA,0,0
"frugiv.larvae.I_2020","frugiv","2020",NA,"pA0292",NA,NA,NA,NA,NA,0,0
"frugiv.larvae.I_2020","frugiv","2020",NA,"pA0296",NA,NA,NA,NA,NA,0,0
"frugiv.larvae.I_2020","frugiv","2020",NA,"pA0298",NA,NA,NA,NA,NA,0,0
"frugiv.larvae.I_2020","frugiv","2020",NA,"pA0299",NA,NA,NA,NA,NA,0,0
"frugiv.larvae.I_2020","frugiv","2020",NA,"pA0300",NA,NA,NA,NA,NA,0,0
"frugiv.larvae.I_2020","frugiv","2020",NA,"pA0301",NA,NA,NA,NA,NA,0,0
"frugiv.larvae.I_2020","frugiv","2020",NA,"pA0306",NA,NA,NA,NA,NA,0,0
"frugiv.larvae.I_2020","frugiv","2020",NA,"pA0307",NA,NA,NA,NA,NA,0,0
"frugiv.larvae.I_2020","frugiv","2020",NA,"pA0308",NA,NA,NA,NA,NA,0,0
"frugiv.larvae.I_2020","frugiv","2020",NA,"pA0309",NA,NA,NA,NA,NA,0,0
"frugiv.larvae.I_2020","frugiv","2020",NA,"pA0314",NA,NA,NA,NA,NA,0,0
"frugiv.larvae.I_2020","frugiv","2020",NA,"pA0315",NA,NA,NA,NA,NA,0,0
"frugiv.larvae.I_2020","frugiv","2020",NA,"pA0319",NA,NA,NA,NA,NA,0,0
"frugiv.larvae.I_2020","frugiv","2020",NA,"pA0320",NA,NA,NA,NA,NA,0,0
"frugiv.larvae.I_2020","frugiv","2020",NA,"pA0327",NA,NA,NA,NA,NA,0,0
"frugiv.larvae.I_2020","frugiv","2020",NA,"pA0331",NA,NA,NA,NA,NA,0,0
"frugiv.larvae.I_2020","frugiv","2020",NA,"pA0339",NA,NA,NA,NA,NA,0,0
"frugiv.larvae.I_2020","frugiv","2020",NA,"pA0341",NA,NA,NA,NA,NA,0,0
"frugiv.larvae.I_2020","frugiv","2020",NA,"pA0342",NA,NA,NA,NA,NA,0,0
"frugiv.larvae.I_2020","frugiv","2020",NA,"pA0344",NA,NA,NA,NA,NA,0,0
"frugiv.larvae.I_2020","frugiv","2020",NA,"pA0345",NA,NA,NA,NA,NA,0,0
"frugiv.larvae.I_2020","frugiv","2020",NA,"pA0350",NA,NA,NA,NA,NA,0,0
"frugiv.larvae.I_2020","frugiv","2020",NA,"pA0355",NA,NA,NA,NA,NA,0,0
"frugiv.larvae.I_2020","frugiv","2020",NA,"pA0356",NA,NA,NA,NA,NA,0,0
"frugiv.larvae.I_2020","frugiv","2020",NA,"pA0358",NA,NA,NA,NA,NA,0,0
"frugiv.larvae.I_2020","frugiv","2020",NA,"pA0359",NA,NA,NA,NA,NA,0,0
"frugiv.larvae.I_2020","frugiv","2020",NA,"pA0360",NA,NA,NA,NA,NA,0,0
"frugiv.larvae.I_2020","frugiv","2020",NA,"pA0364",NA,NA,NA,NA,NA,0,0
"frugiv.larvae.I_2020","frugiv","2020",NA,"pA0366",NA,NA,NA,NA,NA,0,0
"frugiv.larvae.I_2020","frugiv","2020",NA,"pA0368",NA,NA,NA,NA,NA,0,0
"frugiv.larvae.I_2020","frugiv","2020",NA,"pA0370",NA,NA,NA,NA,NA,0,0
"frugiv.larvae.I_2020","frugiv","2020",NA,"pA0371",NA,NA,NA,NA,NA,0,0
"frugiv.larvae.I_2020","frugiv","2020",NA,"pA0373",NA,NA,NA,NA,NA,0,0
"frugiv.larvae.I_2020","frugiv","2020",NA,"pA0374",NA,NA,NA,NA,NA,0,0
"frugiv.larvae.I_2020","frugiv","2020",NA,"pA0376",NA,NA,NA,NA,NA,0,0
"frugiv.larvae.I_2020","frugiv","2020",NA,"pA0378",NA,NA,NA,NA,NA,0,0
"frugiv.larvae.I_2020","frugiv","2020",NA,"pA0381",NA,NA,NA,NA,NA,0,0
"frugiv.larvae.I_2020","frugiv","2020",NA,"pA0382",NA,NA,NA,NA,NA,0,0
"frugiv.larvae.I_2020","frugiv","2020",NA,"pA0383",NA,NA,NA,NA,NA,0,0
"frugiv.larvae.I_2020","frugiv","2020",NA,"pA0384",NA,NA,NA,NA,NA,0,0
"frugiv.larvae.I_2020","frugiv","2020",NA,"pA0385",NA,NA,NA,NA,NA,0,0
"frugiv.larvae.I_2020","frugiv","2020",NA,"pA0386",NA,NA,NA,NA,NA,0,0
"frugiv.larvae.I_2020","frugiv","2020",NA,"pA0387",NA,NA,NA,NA,NA,0,0
"frugiv.larvae.I_2020","frugiv","2020",NA,"pA0388",NA,NA,NA,NA,NA,0,0
"frugiv.larvae.I_2020","frugiv","2020",NA,"pA0390",NA,NA,NA,NA,NA,0,0
"frugiv.larvae.I_2020","frugiv","2020",NA,"pA0391",NA,NA,NA,NA,NA,0,0
"frugiv.larvae.I_2020","frugiv","2020",NA,"pA0393",NA,NA,NA,NA,NA,0,0
"frugiv.larvae.I_2020","frugiv","2020",NA,"pA0394",NA,NA,NA,NA,NA,0,0
"frugiv.larvae.I_2020","frugiv","2020",NA,"pA0396",NA,NA,NA,NA,NA,0,0
"frugiv.larvae.I_2020","frugiv","2020",NA,"pA0397",NA,NA,NA,NA,NA,0,0
"frugiv.larvae.I_2020","frugiv","2020",NA,"pA0398",NA,NA,NA,NA,NA,0,0
"frugiv.larvae.I_2020","frugiv","2020",NA,"pA0399",NA,NA,NA,NA,NA,0,0
"frugiv.larvae.I_2020","frugiv","2020",NA,"pA0400",NA,NA,NA,NA,NA,0,0
"frugiv.larvae.I_2020","frugiv","2020",NA,"pA0401",NA,NA,NA,NA,NA,0,0
"frugiv.larvae.I_2020","frugiv","2020",NA,"pA0402",NA,NA,NA,NA,NA,0,0
"frugiv.larvae.I_2020","frugiv","2020",NA,"pA0403",NA,NA,NA,NA,NA,0,0
"frugiv.larvae.I_2020","frugiv","2020",NA,"pA0406",NA,NA,NA,NA,NA,0,0
"frugiv.larvae.I_2020","frugiv","2020",NA,"pA0407",NA,NA,NA,NA,NA,0,0
"frugiv.larvae.I_2020","frugiv","2020",NA,"pA0409",NA,NA,NA,NA,NA,0,0
"frugiv.larvae.I_2020","frugiv","2020",NA,"pA0410",NA,NA,NA,NA,NA,0,0
"frugiv.larvae.I_2020","frugiv","2020",NA,"pA0412",NA,NA,NA,NA,NA,0,0
"frugiv.larvae.I_2020","frugiv","2020",NA,"pA0415",NA,NA,NA,NA,NA,0,0
"frugiv.larvae.I_2020","frugiv","2020",NA,"pA0416",NA,NA,NA,NA,NA,0,0
"frugiv.larvae.I_2020","frugiv","2020",NA,"pA0418",NA,NA,NA,NA,NA,0,0
"frugiv.larvae.I_2020","frugiv","2020",NA,"pA0419",NA,NA,NA,NA,NA,0,0
"frugiv.larvae.I_2020","frugiv","2020",NA,"pA0420",NA,NA,NA,NA,NA,0,0
"frugiv.larvae.I_2020","frugiv","2020",NA,"pA0422",NA,NA,NA,NA,NA,0,0
"frugiv.larvae.I_2020","frugiv","2020",NA,"pA0423",NA,NA,NA,NA,NA,0,0
"frugiv.larvae.I_2020","frugiv","2020",NA,"pA0424",NA,NA,NA,NA,NA,0,0
"frugiv.larvae.I_2020","frugiv","2020",NA,"pA0429",NA,NA,NA,NA,NA,0,0
"frugiv.larvae.I_2020","frugiv","2020",NA,"pA0430",NA,NA,NA,NA,NA,0,0
"frugiv.larvae.I_2020","frugiv","2020",NA,"pA0437",NA,NA,NA,NA,NA,0,0
"frugiv.larvae.I_2020","frugiv","2020",NA,"pA0438",NA,NA,NA,NA,NA,0,0
"frugiv.larvae.I_2020","frugiv","2020",NA,"pA0439",NA,NA,NA,NA,NA,0,0
"frugiv.larvae.I_2020","frugiv","2020",NA,"pA0440",NA,NA,NA,NA,NA,0,0
"frugiv.larvae.I_2020","frugiv","2020",NA,"pA0445",NA,NA,NA,NA,NA,0,0
"frugiv.larvae.I_2020","frugiv","2020",NA,"pA0446",NA,NA,NA,NA,NA,0,0
"frugiv.larvae.I_2020","frugiv","2020",NA,"pA0447",NA,NA,NA,NA,NA,0,0
"frugiv.larvae.I_2020","frugiv","2020",NA,"pA0448",NA,NA,NA,NA,NA,0,0
"frugiv.larvae.I_2020","frugiv","2020",NA,"pA0450",NA,NA,NA,NA,NA,0,0
"frugiv.larvae.I_2020","frugiv","2020",NA,"pA0451",NA,NA,NA,NA,NA,0,0
"frugiv.larvae.I_2020","frugiv","2020",NA,"pA0453",NA,NA,NA,NA,NA,0,0
"frugiv.larvae.I_2020","frugiv","2020",NA,"pA0454",NA,NA,NA,NA,NA,0,0
"frugiv.larvae.I_2020","frugiv","2020",NA,"pA0457",NA,NA,NA,NA,NA,0,0
"frugiv.larvae.I_2020","frugiv","2020",NA,"pA0458",NA,NA,NA,NA,NA,0,0
"frugiv.larvae.I_2020","frugiv","2020",NA,"pA0459",NA,NA,NA,NA,NA,0,0
"frugiv.larvae.I_2020","frugiv","2020",NA,"pA0460",NA,NA,NA,NA,NA,0,0
"frugiv.larvae.I_2020","frugiv","2020",NA,"pA0461",NA,NA,NA,NA,NA,0,0
"frugiv.larvae.I_2020","frugiv","2020",NA,"pA0462",NA,NA,NA,NA,NA,0,0
"frugiv.larvae.I_2020","frugiv","2020",NA,"pA0465",NA,NA,NA,NA,NA,0,0
"frugiv.larvae.I_2020","frugiv","2020",NA,"pA0466",NA,NA,NA,NA,NA,0,0
"frugiv.larvae.I_2020","frugiv","2020",NA,"pA0468",NA,NA,NA,NA,NA,0,0
"frugiv.larvae.I_2020","frugiv","2020",NA,"pA0469",NA,NA,NA,NA,NA,0,0
"frugiv.larvae.I_2020","frugiv","2020",NA,"pA0472",NA,NA,NA,NA,NA,0,0
"frugiv.larvae.I_2020","frugiv","2020",NA,"pA0473",NA,NA,NA,NA,NA,0,0
"frugiv.larvae.I_2020","frugiv","2020",NA,"pA0474",NA,NA,NA,NA,NA,0,0
"frugiv.larvae.I_2020","frugiv","2020",NA,"pA0475",NA,NA,NA,NA,NA,0,0
"frugiv.larvae.I_2020","frugiv","2020",NA,"pA0476",NA,NA,NA,NA,NA,0,0
"frugiv.larvae.I_2020","frugiv","2020",NA,"pA0477",NA,NA,NA,NA,NA,0,0
"frugiv.larvae.I_2020","frugiv","2020",NA,"pA0479",NA,NA,NA,NA,NA,0,0
"frugiv.larvae.I_2020","frugiv","2020",NA,"pA0480",NA,NA,NA,NA,NA,0,0
"frugiv.larvae.I_2020","frugiv","2020",NA,"pA0483",NA,NA,NA,NA,NA,0,0
"frugiv.larvae.I_2020","frugiv","2020",NA,"pA0486",NA,NA,NA,NA,NA,0,0
"frugiv.larvae.I_2020","frugiv","2020",NA,"pA0489",NA,NA,NA,NA,NA,0,0
"frugiv.larvae.I_2020","frugiv","2020",NA,"pA0490",NA,NA,NA,NA,NA,0,0
"frugiv.larvae.I_2020","frugiv","2020",NA,"pA0494",NA,NA,NA,NA,NA,0,0
"frugiv.larvae.I_2020","frugiv","2020",NA,"pA0498",NA,NA,NA,NA,NA,0,0
"frugiv.larvae.I_2020","frugiv","2020",NA,"pA0503",NA,NA,NA,NA,NA,0,0
"frugiv.larvae.I_2020","frugiv","2020",NA,"pA0505",NA,NA,NA,NA,NA,0,0
"frugiv.larvae.I_2020","frugiv","2020",NA,"pA0506",NA,NA,NA,NA,NA,0,0
"frugiv.larvae.I_2020","frugiv","2020",NA,"pA0513",NA,NA,NA,NA,NA,0,0
"frugiv.larvae.I_2020","frugiv","2020",NA,"pA0518",NA,NA,NA,NA,NA,0,0
"frugiv.larvae.I_2020","frugiv","2020",NA,"pA0520",NA,NA,NA,NA,NA,0,0
"frugiv.larvae.I_2020","frugiv","2020",NA,"pA0522",NA,NA,NA,NA,NA,0,0
"frugiv.larvae.I_2020","frugiv","2020",NA,"pA0523",NA,NA,NA,NA,NA,0,0
"frugiv.larvae.I_2020","frugiv","2020",NA,"pA0526",NA,NA,NA,NA,NA,0,0
"frugiv.larvae.I_2020","frugiv","2020",NA,"pA0527",NA,NA,NA,NA,NA,0,0
"frugiv.larvae.I_2020","frugiv","2020",NA,"pA0528",NA,NA,NA,NA,NA,0,0
"frugiv.larvae.I_2020","frugiv","2020",NA,"pA0530",NA,NA,NA,NA,NA,0,0
"frugiv.larvae.I_2020","frugiv","2020",NA,"pA0534",NA,NA,NA,NA,NA,0,0
"frugiv.larvae.I_2020","frugiv","2020",NA,"pA0535",NA,NA,NA,NA,NA,0,0
"frugiv.larvae.I_2020","frugiv","2020",NA,"pA0540",NA,NA,NA,NA,NA,0,0
"frugiv.larvae.I_2020","frugiv","2020",NA,"pA0541",NA,NA,NA,NA,NA,0,0
"frugiv.larvae.I_2020","frugiv","2020",NA,"pA0543",NA,NA,NA,NA,NA,0,0
"frugiv.larvae.I_2020","frugiv","2020",NA,"pA0544",NA,NA,NA,NA,NA,0,0
"frugiv.larvae.I_2020","frugiv","2020",NA,"pA0545",NA,NA,NA,NA,NA,0,0
"frugiv.larvae.I_2020","frugiv","2020",NA,"pA0546",NA,NA,NA,NA,NA,0,0
"frugiv.larvae.I_2020","frugiv","2020",NA,"pA0547",NA,NA,NA,NA,NA,0,0
"frugiv.larvae.I_2020","frugiv","2020",NA,"pA0548",NA,NA,NA,NA,NA,0,0
"frugiv.larvae.I_2020","frugiv","2020",NA,"pA0549",NA,NA,NA,NA,NA,0,0
"frugiv.larvae.I_2020","frugiv","2020",NA,"pA0551",NA,NA,NA,NA,NA,0,0
"frugiv.larvae.I_2020","frugiv","2020",NA,"pA0552",NA,NA,NA,NA,NA,0,0
"frugiv.larvae.I_2020","frugiv","2020",NA,"pA0553",NA,NA,NA,NA,NA,0,0
"frugiv.larvae.I_2020","frugiv","2020",NA,"pA0556",NA,NA,NA,NA,NA,0,0
"frugiv.larvae.I_2020","frugiv","2020",NA,"pA0557",NA,NA,NA,NA,NA,0,0
"frugiv.larvae.I_2020","frugiv","2020",NA,"pA0558",NA,NA,NA,NA,NA,0,0
"frugiv.larvae.I_2020","frugiv","2020",NA,"pA0560",NA,NA,NA,NA,NA,0,0
"frugiv.larvae.I_2020","frugiv","2020",NA,"pA0561",NA,NA,NA,NA,NA,0,0
"frugiv.larvae.I_2020","frugiv","2020",NA,"pA0562",NA,NA,NA,NA,NA,0,0
"frugiv.larvae.I_2020","frugiv","2020",NA,"pA0564",NA,NA,NA,NA,NA,0,0
"frugiv.larvae.I_2020","frugiv","2020",NA,"pA0566",NA,NA,NA,NA,NA,0,0
"frugiv.larvae.I_2020","frugiv","2020",NA,"pA0568",NA,NA,NA,NA,NA,0,0
"frugiv.larvae.I_2020","frugiv","2020",NA,"pA0569",NA,NA,NA,NA,NA,0,0
"frugiv.larvae.I_2020","frugiv","2020",NA,"pA0571",NA,NA,NA,NA,NA,0,0
"frugiv.larvae.I_2020","frugiv","2020",NA,"pA0573",NA,NA,NA,NA,NA,0,0
"frugiv.larvae.I_2020","frugiv","2020",NA,"pA0575",NA,NA,NA,NA,NA,0,0
"frugiv.larvae.I_2020","frugiv","2020",NA,"pA0580",NA,NA,NA,NA,NA,0,0
"frugiv.larvae.I_2020","frugiv","2020",NA,"pA0583",NA,NA,NA,NA,NA,0,0
"frugiv.larvae.I_2020","frugiv","2020",NA,"pA0586",NA,NA,NA,NA,NA,0,0
"frugiv.larvae.I_2020","frugiv","2020",NA,"pA0588",NA,NA,NA,NA,NA,0,0
"frugiv.larvae.I_2020","frugiv","2020",NA,"pA0591",NA,NA,NA,NA,NA,0,0
"frugiv.larvae.I_2020","frugiv","2020",NA,"pA0593",NA,NA,NA,NA,NA,0,0
"frugiv.larvae.I_2020","frugiv","2020",NA,"pA0594",NA,NA,NA,NA,NA,0,0
"frugiv.larvae.I_2020","frugiv","2020",NA,"pA0595",NA,NA,NA,NA,NA,0,0
"frugiv.larvae.I_2020","frugiv","2020",NA,"pA0597",NA,NA,NA,NA,NA,0,0
"frugiv.larvae.I_2020","frugiv","2020",NA,"pA0598",NA,NA,NA,NA,NA,0,0
"frugiv.larvae.I_2020","frugiv","2020",NA,"pA0599",NA,NA,NA,NA,NA,0,0
"frugiv.larvae.I_2020","frugiv","2020",NA,"pA0600",NA,NA,NA,NA,NA,0,0
"frugiv.larvae.I_2020","frugiv","2020",NA,"pA0601",NA,NA,NA,NA,NA,0,0
"frugiv.larvae.I_2020","frugiv","2020",NA,"pA0603",NA,NA,NA,NA,NA,0,0
"frugiv.larvae.I_2020","frugiv","2020",NA,"pA0611",NA,NA,NA,NA,NA,0,0
"frugiv.larvae.I_2020","frugiv","2020",NA,"pA0612",NA,NA,NA,NA,NA,0,0
"frugiv.larvae.I_2020","frugiv","2020",NA,"pA0613",NA,NA,NA,NA,NA,0,0
"frugiv.larvae.I_2020","frugiv","2020",NA,"pA0616",NA,NA,NA,NA,NA,0,0
"frugiv.larvae.I_2020","frugiv","2020",NA,"pA0617",NA,NA,NA,NA,NA,0,0
"frugiv.larvae.I_2020","frugiv","2020",NA,"pA0621",NA,NA,NA,NA,NA,0,0
"frugiv.larvae.I_2020","frugiv","2020",NA,"pA0622",NA,NA,NA,NA,NA,0,0
"frugiv.larvae.I_2020","frugiv","2020",NA,"pA0623",NA,NA,NA,NA,NA,0,0
"frugiv.larvae.I_2020","frugiv","2020",NA,"pA0633",NA,NA,NA,NA,NA,0,0
"frugiv.larvae.I_2020","frugiv","2020",NA,"pA0635",NA,NA,NA,NA,NA,0,0
"frugiv.larvae.I_2020","frugiv","2020",NA,"pA0640",NA,NA,NA,NA,NA,0,0
"frugiv.larvae.I_2020","frugiv","2020",NA,"pA0641",NA,NA,NA,NA,NA,0,0
"frugiv.larvae.I_2020","frugiv","2020",NA,"pA0642",NA,NA,NA,NA,NA,0,0
"frugiv.larvae.I_2020","frugiv","2020",NA,"pA0643",NA,NA,NA,NA,NA,0,0
"frugiv.larvae.I_2020","frugiv","2020",NA,"pA0644",NA,NA,NA,NA,NA,0,0
"frugiv.larvae.I_2020","frugiv","2020",NA,"pA0646",NA,NA,NA,NA,NA,0,0
"frugiv.larvae.I_2020","frugiv","2020",NA,"pA0649",NA,NA,NA,NA,NA,0,0
"frugiv.larvae.I_2020","frugiv","2020",NA,"pA0656",NA,NA,NA,NA,NA,0,0
"frugiv.larvae.I_2020","frugiv","2020",NA,"pA0657",NA,NA,NA,NA,NA,0,0
"frugiv.larvae.I_2020","frugiv","2020",NA,"pA0658",NA,NA,NA,NA,NA,0,0
"frugiv.larvae.I_2020","frugiv","2020",NA,"pA0663",NA,NA,NA,NA,NA,0,0
"frugiv.larvae.I_2020","frugiv","2020",NA,"pA0665",NA,NA,NA,NA,NA,0,0
"frugiv.larvae.I_2020","frugiv","2020",NA,"pA0667",NA,NA,NA,NA,NA,0,0
"frugiv.larvae.I_2020","frugiv","2020",NA,"pA0668",NA,NA,NA,NA,NA,0,0
"frugiv.larvae.I_2020","frugiv","2020",NA,"pA0669",NA,NA,NA,NA,NA,0,0
"frugiv.larvae.I_2020","frugiv","2020",NA,"pA0670",NA,NA,NA,NA,NA,0,0
"frugiv.larvae.I_2020","frugiv","2020",NA,"pA0672",NA,NA,NA,NA,NA,0,0
"frugiv.larvae.I_2020","frugiv","2020",NA,"pA0674",NA,NA,NA,NA,NA,0,0
"frugiv.larvae.I_2020","frugiv","2020",NA,"pA0675",NA,NA,NA,NA,NA,0,0
"frugiv.larvae.I_2020","frugiv","2020",NA,"pA0679",NA,NA,NA,NA,NA,0,0
"frugiv.larvae.I_2020","frugiv","2020",NA,"pA0684",NA,NA,NA,NA,NA,0,0
"frugiv.larvae.I_2020","frugiv","2020",NA,"pA0688",NA,NA,NA,NA,NA,0,0
"frugiv.larvae.I_2020","frugiv","2020",NA,"pA0691",NA,NA,NA,NA,NA,0,0
"frugiv.larvae.I_2020","frugiv","2020",NA,"pA0694",NA,NA,NA,NA,NA,0,0
"frugiv.larvae.I_2020","frugiv","2020",NA,"pA0695",NA,NA,NA,NA,NA,0,0
"frugiv.larvae.I_2020","frugiv","2020",NA,"pA0696",NA,NA,NA,NA,NA,0,0
"frugiv.larvae.I_2020","frugiv","2020",NA,"pA0698",NA,NA,NA,NA,NA,0,0
"frugiv.larvae.I_2020","frugiv","2020",NA,"pA0701",NA,NA,NA,NA,NA,0,0
"frugiv.larvae.I_2020","frugiv","2020",NA,"pA0703",NA,NA,NA,NA,NA,0,0
"frugiv.larvae.I_2020","frugiv","2020",NA,"pA0705",NA,NA,NA,NA,NA,0,0
"frugiv.larvae.I_2020","frugiv","2020",NA,"pA0706",NA,NA,NA,NA,NA,0,0
"frugiv.larvae.I_2020","frugiv","2020",NA,"pA0710",NA,NA,NA,NA,NA,0,0
"frugiv.larvae.I_2020","frugiv","2020",NA,"pA0713",NA,NA,NA,NA,NA,0,0
"frugiv.larvae.I_2020","frugiv","2020",NA,"pA0714",NA,NA,NA,NA,NA,0,0
"frugiv.larvae.I_2020","frugiv","2020",NA,"pA0716",NA,NA,NA,NA,NA,0,0
"frugiv.larvae.I_2020","frugiv","2020",NA,"pA0718",NA,NA,NA,NA,NA,0,0
"frugiv.larvae.I_2020","frugiv","2020",NA,"pA0719",NA,NA,NA,NA,NA,0,0
"frugiv.larvae.I_2020","frugiv","2020",NA,"pA0722",NA,NA,NA,NA,NA,0,0
"frugiv.larvae.I_2020","frugiv","2020",NA,"pA0724",NA,NA,NA,NA,NA,0,0
"frugiv.larvae.I_2020","frugiv","2020",NA,"pA0727",NA,NA,NA,NA,NA,0,0
"frugiv.larvae.I_2020","frugiv","2020",NA,"pA0728",NA,NA,NA,NA,NA,0,0
"frugiv.larvae.I_2020","frugiv","2020",NA,"pA0729",NA,NA,NA,NA,NA,0,0
"frugiv.larvae.I_2020","frugiv","2020",NA,"pA0730",NA,NA,NA,NA,NA,0,0
"frugiv.larvae.I_2020","frugiv","2020",NA,"pA0732",NA,NA,NA,NA,NA,0,0
"frugiv.larvae.I_2020","frugiv","2020",NA,"pA0733",NA,NA,NA,NA,NA,0,0
"frugiv.larvae.I_2020","frugiv","2020",NA,"pA0734",NA,NA,NA,NA,NA,0,0
"frugiv.larvae.I_2020","frugiv","2020",NA,"pA0736",NA,NA,NA,NA,NA,0,0
"frugiv.larvae.I_2020","frugiv","2020",NA,"pA0743",NA,NA,NA,NA,NA,0,0
"frugiv.larvae.I_2020","frugiv","2020",NA,"pA0744",NA,NA,NA,NA,NA,0,0
"frugiv.larvae.I_2020","frugiv","2020",NA,"pA0744",NA,NA,NA,NA,NA,0,0
"frugiv.larvae.I_2020","frugiv","2020",NA,"pA0745",NA,NA,NA,NA,NA,0,0
"frugiv.larvae.I_2020","frugiv","2020",NA,"pA0746",NA,NA,NA,NA,NA,0,0
"frugiv.larvae.I_2020","frugiv","2020",NA,"pA0751",NA,NA,NA,NA,NA,0,0
"frugiv.larvae.I_2020","frugiv","2020",NA,"pA0752",NA,NA,NA,NA,NA,0,0
"frugiv.larvae.I_2020","frugiv","2020",NA,"pA0753",NA,NA,NA,NA,NA,0,0
"frugiv.larvae.I_2020","frugiv","2020",NA,"pA0755",NA,NA,NA,NA,NA,0,0
"frugiv.larvae.I_2020","frugiv","2020",NA,"pA0757",NA,NA,NA,NA,NA,0,0
"frugiv.larvae.I_2020","frugiv","2020",NA,"pA0758",NA,NA,NA,NA,NA,0,0
"frugiv.larvae.I_2020","frugiv","2020",NA,"pA0759",NA,NA,NA,NA,NA,0,0
"frugiv.larvae.I_2020","frugiv","2020",NA,"pA0766",NA,NA,NA,NA,NA,0,0
"frugiv.larvae.I_2020","frugiv","2020",NA,"pA0769",NA,NA,NA,NA,NA,0,0
"frugiv.larvae.I_2020","frugiv","2020",NA,"pA0773",NA,NA,NA,NA,NA,0,0
"frugiv.larvae.I_2020","frugiv","2020",NA,"pA0776",NA,NA,NA,NA,NA,0,0
"frugiv.larvae.I_2020","frugiv","2020",NA,"pA0778",NA,NA,NA,NA,NA,0,0
"frugiv.larvae.I_2020","frugiv","2020",NA,"pA0781",NA,NA,NA,NA,NA,0,0
"frugiv.larvae.I_2020","frugiv","2020",NA,"pA0785",NA,NA,NA,NA,NA,0,0
"frugiv.larvae.I_2020","frugiv","2020",NA,"pA0788",NA,NA,NA,NA,NA,0,0
"frugiv.larvae.I_2020","frugiv","2020",NA,"pA0789",NA,NA,NA,NA,NA,0,0
"frugiv.larvae.I_2020","frugiv","2020",NA,"pA0793",NA,NA,NA,NA,NA,0,0
"frugiv.larvae.I_2020","frugiv","2020",NA,"pA0794",NA,NA,NA,NA,NA,0,0
"frugiv.larvae.I_2020","frugiv","2020",NA,"pA0795",NA,NA,NA,NA,NA,0,0
"frugiv.larvae.I_2020","frugiv","2020",NA,"pA0796",NA,NA,NA,NA,NA,0,0
"frugiv.larvae.I_2020","frugiv","2020",NA,"pA0798",NA,NA,NA,NA,NA,0,0
"frugiv.larvae.I_2020","frugiv","2020",NA,"pA0799",NA,NA,NA,NA,NA,0,0
"frugiv.larvae.I_2020","frugiv","2020",NA,"pA0800",NA,NA,NA,NA,NA,0,0
"frugiv.larvae.I_2020","frugiv","2020",NA,"pA0803",NA,NA,NA,NA,NA,0,0
"frugiv.larvae.I_2020","frugiv","2020",NA,"pA0807",NA,NA,NA,NA,NA,0,0
"frugiv.larvae.I_2020","frugiv","2020",NA,"pA0810",NA,NA,NA,NA,NA,0,0
"frugiv.larvae.I_2020","frugiv","2020",NA,"pA0815",NA,NA,NA,NA,NA,0,0
"frugiv.larvae.I_2020","frugiv","2020",NA,"pA0817",NA,NA,NA,NA,NA,0,0
"frugiv.larvae.I_2020","frugiv","2020",NA,"pA0818",NA,NA,NA,NA,NA,0,0
"frugiv.larvae.I_2020","frugiv","2020",NA,"pA0821",NA,NA,NA,NA,NA,0,0
"frugiv.larvae.I_2020","frugiv","2020",NA,"pA0823",NA,NA,NA,NA,NA,0,0
"frugiv.larvae.I_2020","frugiv","2020",NA,"pA0824",NA,NA,NA,NA,NA,0,0
"frugiv.larvae.I_2020","frugiv","2020",NA,"pA0825",NA,NA,NA,NA,NA,0,0
"frugiv.larvae.I_2020","frugiv","2020",NA,"pA0826",NA,NA,NA,NA,NA,0,0
"frugiv.larvae.I_2020","frugiv","2020",NA,"pA0827",NA,NA,NA,NA,NA,0,0
"frugiv.larvae.I_2020","frugiv","2020",NA,"pA0830",NA,NA,NA,NA,NA,0,0
"frugiv.larvae.I_2020","frugiv","2020",NA,"pA0832",NA,NA,NA,NA,NA,0,0
"frugiv.larvae.I_2020","frugiv","2020",NA,"pA0833",NA,NA,NA,NA,NA,0,0
"frugiv.larvae.I_2020","frugiv","2020",NA,"pA0834",NA,NA,NA,NA,NA,0,0
"frugiv.larvae.I_2020","frugiv","2020",NA,"pA0836",NA,NA,NA,NA,NA,0,0
"frugiv.larvae.I_2020","frugiv","2020",NA,"pA0837",NA,NA,NA,NA,NA,0,0
"frugiv.larvae.I_2020","frugiv","2020",NA,"pA0843",NA,NA,NA,NA,NA,0,0
"frugiv.larvae.I_2020","frugiv","2020",NA,"pA0849",NA,NA,NA,NA,NA,0,0
"frugiv.larvae.I_2020","frugiv","2020",NA,"pA0852",NA,NA,NA,NA,NA,0,0
"frugiv.larvae.I_2020","frugiv","2020",NA,"pA0861",NA,NA,NA,NA,NA,0,0
"frugiv.larvae.I_2020","frugiv","2020",NA,"pA0863",NA,NA,NA,NA,NA,0,0
"frugiv.larvae.I_2020","frugiv","2020",NA,"pA0864",NA,NA,NA,NA,NA,0,0
"frugiv.larvae.I_2020","frugiv","2020",NA,"pA0867",NA,NA,NA,NA,NA,0,0
"frugiv.larvae.I_2020","frugiv","2020",NA,"pA0879",NA,NA,NA,NA,NA,0,0
"frugiv.larvae.I_2020","frugiv","2020",NA,"pA0881",NA,NA,NA,NA,NA,0,0
"frugiv.larvae.I_2020","frugiv","2020",NA,"pA0882",NA,NA,NA,NA,NA,0,0
"frugiv.larvae.I_2020","frugiv","2020",NA,"pA0884",NA,NA,NA,NA,NA,0,0
"frugiv.larvae.I_2020","frugiv","2020",NA,"pA0885",NA,NA,NA,NA,NA,0,0
"frugiv.larvae.I_2020","frugiv","2020",NA,"pA0886",NA,NA,NA,NA,NA,0,0
"frugiv.larvae.I_2020","frugiv","2020",NA,"pA0892",NA,NA,NA,NA,NA,0,0
"frugiv.larvae.I_2020","frugiv","2020",NA,"pA0894",NA,NA,NA,NA,NA,0,0
"frugiv.larvae.I_2020","frugiv","2020",NA,"pA0895",NA,NA,NA,NA,NA,0,0
"frugiv.larvae.I_2020","frugiv","2020",NA,"pA0896",NA,NA,NA,NA,NA,0,0
"frugiv.larvae.I_2020","frugiv","2020",NA,"pA0897",NA,NA,NA,NA,NA,0,0
"frugiv.larvae.I_2020","frugiv","2020",NA,"pA0899",NA,NA,NA,NA,NA,0,0
"frugiv.larvae.I_2020","frugiv","2020",NA,"pA0902",NA,NA,NA,NA,NA,0,0
"frugiv.larvae.I_2020","frugiv","2020",NA,"pA0904",NA,NA,NA,NA,NA,0,0
"frugiv.larvae.I_2020","frugiv","2020",NA,"pA0906",NA,NA,NA,NA,NA,0,0
"frugiv.larvae.I_2020","frugiv","2020",NA,"pA0908",NA,NA,NA,NA,NA,0,0
"frugiv.larvae.I_2020","frugiv","2020",NA,"pA0911",NA,NA,NA,NA,NA,0,0
"frugiv.larvae.I_2020","frugiv","2020",NA,"pA0913",NA,NA,NA,NA,NA,0,0
"frugiv.larvae.I_2020","frugiv","2020",NA,"pA0915",NA,NA,NA,NA,NA,0,0
"frugiv.larvae.I_2020","frugiv","2020",NA,"pA0916",NA,NA,NA,NA,NA,0,0
"frugiv.larvae.I_2020","frugiv","2020",NA,"pA0919",NA,NA,NA,NA,NA,0,0
"frugiv.larvae.I_2020","frugiv","2020",NA,"pA0920",NA,NA,NA,NA,NA,0,0
"frugiv.larvae.I_2020","frugiv","2020",NA,"pA0921",NA,NA,NA,NA,NA,0,0
"frugiv.larvae.I_2020","frugiv","2020",NA,"pA0924",NA,NA,NA,NA,NA,0,0
"frugiv.larvae.I_2020","frugiv","2020",NA,"pA0925",NA,NA,NA,NA,NA,0,0
"frugiv.larvae.I_2020","frugiv","2020",NA,"pA0929",NA,NA,NA,NA,NA,0,0
"frugiv.larvae.I_2020","frugiv","2020",NA,"pA0937",NA,NA,NA,NA,NA,0,0
"frugiv.larvae.I_2020","frugiv","2020",NA,"pA0938",NA,NA,NA,NA,NA,0,0
"frugiv.larvae.I_2020","frugiv","2020",NA,"pA0948",NA,NA,NA,NA,NA,0,0
"frugiv.larvae.I_2020","frugiv","2020",NA,"pA0950",NA,NA,NA,NA,NA,0,0
"frugiv.larvae.I_2020","frugiv","2020",NA,"pA0952",NA,NA,NA,NA,NA,0,0
"frugiv.larvae.I_2020","frugiv","2020",NA,"pA0954",NA,NA,NA,NA,NA,0,0
"frugiv.larvae.I_2020","frugiv","2020",NA,"pA0956",NA,NA,NA,NA,NA,0,0
"frugiv.larvae.I_2020","frugiv","2020",NA,"pA0957",NA,NA,NA,NA,NA,0,0
"frugiv.larvae.I_2020","frugiv","2020",NA,"pA0962",NA,NA,NA,NA,NA,0,0
"frugiv.larvae.I_2020","frugiv","2020",NA,"pA0966",NA,NA,NA,NA,NA,0,0
"frugiv.larvae.I_2020","frugiv","2020",NA,"pA0967",NA,NA,NA,NA,NA,0,0
"frugiv.larvae.I_2020","frugiv","2020",NA,"pA0972",NA,NA,NA,NA,NA,0,0
"frugiv.larvae.I_2020","frugiv","2020",NA,"pA0984",NA,NA,NA,NA,NA,0,0
"frugiv.larvae.I_2020","frugiv","2020",NA,"pA0994",NA,NA,NA,NA,NA,0,0
"frugiv.larvae.I_2020","frugiv","2020",NA,"pA0997",NA,NA,NA,NA,NA,0,0
"frugiv.larvae.I_2020","frugiv","2020",NA,"pA1008",NA,NA,NA,NA,NA,0,0
"frugiv.larvae.I_2020","frugiv","2020",NA,"pA1010",NA,NA,NA,NA,NA,0,0
"frugiv.larvae.I_2020","frugiv","2020",NA,"pA1018",NA,NA,NA,NA,NA,0,0
"frugiv.larvae.I_2020","frugiv","2020",NA,"pA1019",NA,NA,NA,NA,NA,0,0
"frugiv.larvae.I_2020","frugiv","2020",NA,"pA1023",NA,NA,NA,NA,NA,0,0
"frugiv.larvae.I_2020","frugiv","2020",NA,"pA1025",NA,NA,NA,NA,NA,0,0
"frugiv.larvae.I_2020","frugiv","2020",NA,"pA1027",NA,NA,NA,NA,NA,0,0
"frugiv.larvae.I_2020","frugiv","2020",NA,"pA1031",NA,NA,NA,NA,NA,0,0
"frugiv.larvae.I_2020","frugiv","2020",NA,"pA1033",NA,NA,NA,NA,NA,0,0
"frugiv.larvae.I_2020","frugiv","2020",NA,"pA1050",NA,NA,NA,NA,NA,0,0
"frugiv.larvae.I_2020","frugiv","2020",NA,"pA1053",NA,NA,NA,NA,NA,0,0
"frugiv.larvae.I_2020","frugiv","2020",NA,"pA1055",NA,NA,NA,NA,NA,0,0
"frugiv.larvae.I_2020","frugiv","2020",NA,"pA1063",NA,NA,NA,NA,NA,0,0
"frugiv.larvae.I_2020","frugiv","2020",NA,"pA1068",NA,NA,NA,NA,NA,0,0
"frugiv.larvae.I_2020","frugiv","2020",NA,"pA1073",NA,NA,NA,NA,NA,0,0
"frugiv.larvae.I_2020","frugiv","2020",NA,"pA1075",NA,NA,NA,NA,NA,0,0
"frugiv.larvae.I_2020","frugiv","2020",NA,"pA1078",NA,NA,NA,NA,NA,0,0
"frugiv.larvae.I_2020","frugiv","2020",NA,"pA1080",NA,NA,NA,NA,NA,0,0
"frugiv.larvae.I_2020","frugiv","2020",NA,"pA1081",NA,NA,NA,NA,NA,0,0
"frugiv.larvae.I_2020","frugiv","2020",NA,"pA1087",NA,NA,NA,NA,NA,0,0
"frugiv.larvae.I_2020","frugiv","2020",NA,"pA1088",NA,NA,NA,NA,NA,0,0
"frugiv.larvae.I_2020","frugiv","2020",NA,"pA1089",NA,NA,NA,NA,NA,0,0
"frugiv.larvae.I_2020","frugiv","2020",NA,"pA1092",NA,NA,NA,NA,NA,0,0
"frugiv.larvae.I_2020","frugiv","2020",NA,"pA1094",NA,NA,NA,NA,NA,0,0
"frugiv.larvae.I_2020","frugiv","2020",NA,"pA1106",NA,NA,NA,NA,NA,0,0
"frugiv.larvae.I_2020","frugiv","2020",NA,"pA1129",NA,NA,NA,NA,NA,0,0
"frugiv.larvae.I_2020","frugiv","2020",NA,"pA1131",NA,NA,NA,NA,NA,0,0
"frugiv.larvae.I_2020","frugiv","2020",NA,"pA1132",NA,NA,NA,NA,NA,0,0
"frugiv.larvae.I_2020","frugiv","2020",NA,"pA1134",NA,NA,NA,NA,NA,0,0
"frugiv.larvae.I_2020","frugiv","2020",NA,"pA1140",NA,NA,NA,NA,NA,0,0
"frugiv.larvae.I_2020","frugiv","2020",NA,"pA1157",NA,NA,NA,NA,NA,0,0
"frugiv.larvae.I_2020","frugiv","2020",NA,"pA1158",NA,NA,NA,NA,NA,0,0
"frugiv.larvae.I_2020","frugiv","2020",NA,"pA1183",NA,NA,NA,NA,NA,0,0
"frugiv.larvae.I_2020","frugiv","2020",NA,"pA1209",NA,NA,NA,NA,NA,0,0
"frugiv.larvae.I_2020","frugiv","2020",NA,"pA1210",NA,NA,NA,NA,NA,0,0
"frugiv.larvae.I_2020","frugiv","2020",NA,"pA1217",NA,NA,NA,NA,NA,0,0
"frugiv.larvae.I_2020","frugiv","2020",NA,"pA1252",NA,NA,NA,NA,NA,0,0
"frugiv.larvae.I_2020","frugiv","2020",NA,"pA0004",NA,NA,NA,NA,NA,0,0
"frugiv.larvae.I_2020","frugiv","2020",NA,"pA0005",NA,NA,NA,NA,NA,0,0
"frugiv.larvae.I_2020","frugiv","2020",NA,"pA0008",NA,NA,NA,NA,NA,0,0
"frugiv.larvae.I_2020","frugiv","2020",NA,"pA0009",NA,NA,NA,NA,NA,0,0
"frugiv.larvae.I_2020","frugiv","2020",NA,"pA0020",NA,NA,NA,NA,NA,0,0
"frugiv.larvae.I_2020","frugiv","2020",NA,"pA0027",NA,NA,NA,NA,NA,0,0
"frugiv.larvae.I_2020","frugiv","2020",NA,"pA0035",NA,NA,NA,NA,NA,0,0
"frugiv.larvae.I_2020","frugiv","2020",NA,"pA0042",NA,NA,NA,NA,NA,0,0
"frugiv.larvae.I_2020","frugiv","2020",NA,"pA0050",NA,NA,NA,NA,NA,0,0
"frugiv.larvae.I_2020","frugiv","2020",NA,"pA0063",NA,NA,NA,NA,NA,0,0
"frugiv.larvae.I_2020","frugiv","2020",NA,"pA0068",NA,NA,NA,NA,NA,0,0
"frugiv.larvae.I_2020","frugiv","2020",NA,"pA0081",NA,NA,NA,NA,NA,0,0
"frugiv.larvae.I_2020","frugiv","2020",NA,"pA0083",NA,NA,NA,NA,NA,0,0
"frugiv.larvae.I_2020","frugiv","2020",NA,"pA0086",NA,NA,NA,NA,NA,0,0
"frugiv.larvae.I_2020","frugiv","2020",NA,"pA0091",NA,NA,NA,NA,NA,0,0
"frugiv.larvae.I_2020","frugiv","2020",NA,"pA0092",NA,NA,NA,NA,NA,0,0
"frugiv.larvae.I_2020","frugiv","2020",NA,"pA0096",NA,NA,NA,NA,NA,0,0
"frugiv.larvae.I_2020","frugiv","2020",NA,"pA0100",NA,NA,NA,NA,NA,0,0
"frugiv.larvae.I_2020","frugiv","2020",NA,"pA0138",NA,NA,NA,NA,NA,0,0
"frugiv.larvae.I_2020","frugiv","2020",NA,"pA0146",NA,NA,NA,NA,NA,0,0
"frugiv.larvae.I_2020","frugiv","2020",NA,"pA0167",NA,NA,NA,NA,NA,0,0
"frugiv.larvae.I_2020","frugiv","2020",NA,"pA0169",NA,NA,NA,NA,NA,0,0
"frugiv.larvae.I_2020","frugiv","2020",NA,"pA0172",NA,NA,NA,NA,NA,0,0
"frugiv.larvae.I_2020","frugiv","2020",NA,"pA0179",NA,NA,NA,NA,NA,0,0
"frugiv.larvae.I_2020","frugiv","2020",NA,"pA0184",NA,NA,NA,NA,NA,0,0
"frugiv.larvae.I_2020","frugiv","2020",NA,"pA0191",NA,NA,NA,NA,NA,0,0
"frugiv.larvae.I_2020","frugiv","2020",NA,"pA0207",NA,NA,NA,NA,NA,0,0
"frugiv.larvae.I_2020","frugiv","2020",NA,"pA0212",NA,NA,NA,NA,NA,0,0
"frugiv.larvae.I_2020","frugiv","2020",NA,"pA0234",NA,NA,NA,NA,NA,0,0
"frugiv.larvae.I_2020","frugiv","2020",NA,"pA0238",NA,NA,NA,NA,NA,0,0
"frugiv.larvae.I_2020","frugiv","2020",NA,"pA0239",NA,NA,NA,NA,NA,0,0
"frugiv.larvae.I_2020","frugiv","2020",NA,"pA0243",NA,NA,NA,NA,NA,0,0
"frugiv.larvae.I_2020","frugiv","2020",NA,"pA0267",NA,NA,NA,NA,NA,0,0
"frugiv.larvae.I_2020","frugiv","2020",NA,"pA0269",NA,NA,NA,NA,NA,0,0
"frugiv.larvae.I_2020","frugiv","2020",NA,"pA0279",NA,NA,NA,NA,NA,0,0
"frugiv.larvae.I_2020","frugiv","2020",NA,"pA0281",NA,NA,NA,NA,NA,0,0
"frugiv.larvae.I_2020","frugiv","2020",NA,"pA0283",NA,NA,NA,NA,NA,0,0
"frugiv.larvae.I_2020","frugiv","2020",NA,"pA0305",NA,NA,NA,NA,NA,0,0
"frugiv.larvae.I_2020","frugiv","2020",NA,"pA0310",NA,NA,NA,NA,NA,0,0
"frugiv.larvae.I_2020","frugiv","2020",NA,"pA0311",NA,NA,NA,NA,NA,0,0
"frugiv.larvae.I_2020","frugiv","2020",NA,"pA0312",NA,NA,NA,NA,NA,0,0
"frugiv.larvae.I_2020","frugiv","2020",NA,"pA0316",NA,NA,NA,NA,NA,0,0
"frugiv.larvae.I_2020","frugiv","2020",NA,"pA0317",NA,NA,NA,NA,NA,0,0
"frugiv.larvae.I_2020","frugiv","2020",NA,"pA0326",NA,NA,NA,NA,NA,0,0
"frugiv.larvae.I_2020","frugiv","2020",NA,"pA0328",NA,NA,NA,NA,NA,0,0
"frugiv.larvae.I_2020","frugiv","2020",NA,"pA0348",NA,NA,NA,NA,NA,0,0
"frugiv.larvae.I_2020","frugiv","2020",NA,"pA0352",NA,NA,NA,NA,NA,0,0
"frugiv.larvae.I_2020","frugiv","2020",NA,"pA0353",NA,NA,NA,NA,NA,0,0
"frugiv.larvae.I_2020","frugiv","2020",NA,"pA0362",NA,NA,NA,NA,NA,0,0
"frugiv.larvae.I_2020","frugiv","2020",NA,"pA0365",NA,NA,NA,NA,NA,0,0
"frugiv.larvae.I_2020","frugiv","2020",NA,"pA0379",NA,NA,NA,NA,NA,0,0
"frugiv.larvae.I_2020","frugiv","2020",NA,"pA0380",NA,NA,NA,NA,NA,0,0
"frugiv.larvae.I_2020","frugiv","2020",NA,"pA0421",NA,NA,NA,NA,NA,0,0
"frugiv.larvae.I_2020","frugiv","2020",NA,"pA0426",NA,NA,NA,NA,NA,0,0
"frugiv.larvae.I_2020","frugiv","2020",NA,"pA0427",NA,NA,NA,NA,NA,0,0
"frugiv.larvae.I_2020","frugiv","2020",NA,"pA0433",NA,NA,NA,NA,NA,0,0
"frugiv.larvae.I_2020","frugiv","2020",NA,"pA0434",NA,NA,NA,NA,NA,0,0
"frugiv.larvae.I_2020","frugiv","2020",NA,"pA0435",NA,NA,NA,NA,NA,0,0
"frugiv.larvae.I_2020","frugiv","2020",NA,"pA0443",NA,NA,NA,NA,NA,0,0
"frugiv.larvae.I_2020","frugiv","2020",NA,"pA0470",NA,NA,NA,NA,NA,0,0
"frugiv.larvae.I_2020","frugiv","2020",NA,"pA0471",NA,NA,NA,NA,NA,0,0
"frugiv.larvae.I_2020","frugiv","2020",NA,"pA0478",NA,NA,NA,NA,NA,0,0
"frugiv.larvae.I_2020","frugiv","2020",NA,"pA0485",NA,NA,NA,NA,NA,0,0
"frugiv.larvae.I_2020","frugiv","2020",NA,"pA0487",NA,NA,NA,NA,NA,0,0
"frugiv.larvae.I_2020","frugiv","2020",NA,"pA0488",NA,NA,NA,NA,NA,0,0
"frugiv.larvae.I_2020","frugiv","2020",NA,"pA0491",NA,NA,NA,NA,NA,0,0
"frugiv.larvae.I_2020","frugiv","2020",NA,"pA0492",NA,NA,NA,NA,NA,0,0
"frugiv.larvae.I_2020","frugiv","2020",NA,"pA0495",NA,NA,NA,NA,NA,0,0
"frugiv.larvae.I_2020","frugiv","2020",NA,"pA0497",NA,NA,NA,NA,NA,0,0
"frugiv.larvae.I_2020","frugiv","2020",NA,"pA0501",NA,NA,NA,NA,NA,0,0
"frugiv.larvae.I_2020","frugiv","2020",NA,"pA0504",NA,NA,NA,NA,NA,0,0
"frugiv.larvae.I_2020","frugiv","2020",NA,"pA0509",NA,NA,NA,NA,NA,0,0
"frugiv.larvae.I_2020","frugiv","2020",NA,"pA0514",NA,NA,NA,NA,NA,0,0
"frugiv.larvae.I_2020","frugiv","2020",NA,"pA0516",NA,NA,NA,NA,NA,0,0
"frugiv.larvae.I_2020","frugiv","2020",NA,"pA0517",NA,NA,NA,NA,NA,0,0
"frugiv.larvae.I_2020","frugiv","2020",NA,"pA0525",NA,NA,NA,NA,NA,0,0
"frugiv.larvae.I_2020","frugiv","2020",NA,"pA0531",NA,NA,NA,NA,NA,0,0
"frugiv.larvae.I_2020","frugiv","2020",NA,"pA0532",NA,NA,NA,NA,NA,0,0
"frugiv.larvae.I_2020","frugiv","2020",NA,"pA0537",NA,NA,NA,NA,NA,0,0
"frugiv.larvae.I_2020","frugiv","2020",NA,"pA0539",NA,NA,NA,NA,NA,0,0
"frugiv.larvae.I_2020","frugiv","2020",NA,"pA0550",NA,NA,NA,NA,NA,0,0
"frugiv.larvae.I_2020","frugiv","2020",NA,"pA0554",NA,NA,NA,NA,NA,0,0
"frugiv.larvae.I_2020","frugiv","2020",NA,"pA0570",NA,NA,NA,NA,NA,0,0
"frugiv.larvae.I_2020","frugiv","2020",NA,"pA0574",NA,NA,NA,NA,NA,0,0
"frugiv.larvae.I_2020","frugiv","2020",NA,"pA0578",NA,NA,NA,NA,NA,0,0
"frugiv.larvae.I_2020","frugiv","2020",NA,"pA0585",NA,NA,NA,NA,NA,0,0
"frugiv.larvae.I_2020","frugiv","2020",NA,"pA0587",NA,NA,NA,NA,NA,0,0
"frugiv.larvae.I_2020","frugiv","2020",NA,"pA0596",NA,NA,NA,NA,NA,0,0
"frugiv.larvae.I_2020","frugiv","2020",NA,"pA0604",NA,NA,NA,NA,NA,0,0
"frugiv.larvae.I_2020","frugiv","2020",NA,"pA0606",NA,NA,NA,NA,NA,0,0
"frugiv.larvae.I_2020","frugiv","2020",NA,"pA0607",NA,NA,NA,NA,NA,0,0
"frugiv.larvae.I_2020","frugiv","2020",NA,"pA0608",NA,NA,NA,NA,NA,0,0
"frugiv.larvae.I_2020","frugiv","2020",NA,"pA0610",NA,NA,NA,NA,NA,0,0
"frugiv.larvae.I_2020","frugiv","2020",NA,"pA0615",NA,NA,NA,NA,NA,0,0
"frugiv.larvae.I_2020","frugiv","2020",NA,"pA0626",NA,NA,NA,NA,NA,0,0
"frugiv.larvae.I_2020","frugiv","2020",NA,"pA0627",NA,NA,NA,NA,NA,0,0
"frugiv.larvae.I_2020","frugiv","2020",NA,"pA0628",NA,NA,NA,NA,NA,0,0
"frugiv.larvae.I_2020","frugiv","2020",NA,"pA0629",NA,NA,NA,NA,NA,0,0
"frugiv.larvae.I_2020","frugiv","2020",NA,"pA0631",NA,NA,NA,NA,NA,0,0
"frugiv.larvae.I_2020","frugiv","2020",NA,"pA0632",NA,NA,NA,NA,NA,0,0
"frugiv.larvae.I_2020","frugiv","2020",NA,"pA0634",NA,NA,NA,NA,NA,0,0
"frugiv.larvae.I_2020","frugiv","2020",NA,"pA0636",NA,NA,NA,NA,NA,0,0
"frugiv.larvae.I_2020","frugiv","2020",NA,"pA0638",NA,NA,NA,NA,NA,0,0
"frugiv.larvae.I_2020","frugiv","2020",NA,"pA0645",NA,NA,NA,NA,NA,0,0
"frugiv.larvae.I_2020","frugiv","2020",NA,"pA0647",NA,NA,NA,NA,NA,0,0
"frugiv.larvae.I_2020","frugiv","2020",NA,"pA0652",NA,NA,NA,NA,NA,0,0
"frugiv.larvae.I_2020","frugiv","2020",NA,"pA0660",NA,NA,NA,NA,NA,0,0
"frugiv.larvae.I_2020","frugiv","2020",NA,"pA0666",NA,NA,NA,NA,NA,0,0
"frugiv.larvae.I_2020","frugiv","2020",NA,"pA0682",NA,NA,NA,NA,NA,0,0
"frugiv.larvae.I_2020","frugiv","2020",NA,"pA0683",NA,NA,NA,NA,NA,0,0
"frugiv.larvae.I_2020","frugiv","2020",NA,"pA0687",NA,NA,NA,NA,NA,0,0
"frugiv.larvae.I_2020","frugiv","2020",NA,"pA0689",NA,NA,NA,NA,NA,0,0
"frugiv.larvae.I_2020","frugiv","2020",NA,"pA0690",NA,NA,NA,NA,NA,0,0
"frugiv.larvae.I_2020","frugiv","2020",NA,"pA0697",NA,NA,NA,NA,NA,0,0
"frugiv.larvae.I_2020","frugiv","2020",NA,"pA0700",NA,NA,NA,NA,NA,0,0
"frugiv.larvae.I_2020","frugiv","2020",NA,"pA0704",NA,NA,NA,NA,NA,0,0
"frugiv.larvae.I_2020","frugiv","2020",NA,"pA0708",NA,NA,NA,NA,NA,0,0
"frugiv.larvae.I_2020","frugiv","2020",NA,"pA0709",NA,NA,NA,NA,NA,0,0
"frugiv.larvae.I_2020","frugiv","2020",NA,"pA0715",NA,NA,NA,NA,NA,0,0
"frugiv.larvae.I_2020","frugiv","2020",NA,"pA0723",NA,NA,NA,NA,NA,0,0
"frugiv.larvae.I_2020","frugiv","2020",NA,"pA0725",NA,NA,NA,NA,NA,0,0
"frugiv.larvae.I_2020","frugiv","2020",NA,"pA0735",NA,NA,NA,NA,NA,0,0
"frugiv.larvae.I_2020","frugiv","2020",NA,"pA0738",NA,NA,NA,NA,NA,0,0
"frugiv.larvae.I_2020","frugiv","2020",NA,"pA0739",NA,NA,NA,NA,NA,0,0
"frugiv.larvae.I_2020","frugiv","2020",NA,"pA0741",NA,NA,NA,NA,NA,0,0
"frugiv.larvae.I_2020","frugiv","2020",NA,"pA0742",NA,NA,NA,NA,NA,0,0
"frugiv.larvae.I_2020","frugiv","2020",NA,"pA0747",NA,NA,NA,NA,NA,0,0
"frugiv.larvae.I_2020","frugiv","2020",NA,"pA0748",NA,NA,NA,NA,NA,0,0
"frugiv.larvae.I_2020","frugiv","2020",NA,"pA0760",NA,NA,NA,NA,NA,0,0
"frugiv.larvae.I_2020","frugiv","2020",NA,"pA0761",NA,NA,NA,NA,NA,0,0
"frugiv.larvae.I_2020","frugiv","2020",NA,"pA0762",NA,NA,NA,NA,NA,0,0
"frugiv.larvae.I_2020","frugiv","2020",NA,"pA0765",NA,NA,NA,NA,NA,0,0
"frugiv.larvae.I_2020","frugiv","2020",NA,"pA0767",NA,NA,NA,NA,NA,0,0
"frugiv.larvae.I_2020","frugiv","2020",NA,"pA0775",NA,NA,NA,NA,NA,0,0
"frugiv.larvae.I_2020","frugiv","2020",NA,"pA0779",NA,NA,NA,NA,NA,0,0
"frugiv.larvae.I_2020","frugiv","2020",NA,"pA0782",NA,NA,NA,NA,NA,0,0
"frugiv.larvae.I_2020","frugiv","2020",NA,"pA0784",NA,NA,NA,NA,NA,0,0
"frugiv.larvae.I_2020","frugiv","2020",NA,"pA0786",NA,NA,NA,NA,NA,0,0
"frugiv.larvae.I_2020","frugiv","2020",NA,"pA0787",NA,NA,NA,NA,NA,0,0
"frugiv.larvae.I_2020","frugiv","2020",NA,"pA0791",NA,NA,NA,NA,NA,0,0
"frugiv.larvae.I_2020","frugiv","2020",NA,"pA0801",NA,NA,NA,NA,NA,0,0
"frugiv.larvae.I_2020","frugiv","2020",NA,"pA0805",NA,NA,NA,NA,NA,0,0
"frugiv.larvae.I_2020","frugiv","2020",NA,"pA0806",NA,NA,NA,NA,NA,0,0
"frugiv.larvae.I_2020","frugiv","2020",NA,"pA0808",NA,NA,NA,NA,NA,0,0
"frugiv.larvae.I_2020","frugiv","2020",NA,"pA0811",NA,NA,NA,NA,NA,0,0
"frugiv.larvae.I_2020","frugiv","2020",NA,"pA0814",NA,NA,NA,NA,NA,0,0
"frugiv.larvae.I_2020","frugiv","2020",NA,"pA0839",NA,NA,NA,NA,NA,0,0
"frugiv.larvae.I_2020","frugiv","2020",NA,"pA0844",NA,NA,NA,NA,NA,0,0
"frugiv.larvae.I_2020","frugiv","2020",NA,"pA0847",NA,NA,NA,NA,NA,0,0
"frugiv.larvae.I_2020","frugiv","2020",NA,"pA0854",NA,NA,NA,NA,NA,0,0
"frugiv.larvae.I_2020","frugiv","2020",NA,"pA0856",NA,NA,NA,NA,NA,0,0
"frugiv.larvae.I_2020","frugiv","2020",NA,"pA0857",NA,NA,NA,NA,NA,0,0
"frugiv.larvae.I_2020","frugiv","2020",NA,"pA0858",NA,NA,NA,NA,NA,0,0
"frugiv.larvae.I_2020","frugiv","2020",NA,"pA0866",NA,NA,NA,NA,NA,0,0
"frugiv.larvae.I_2020","frugiv","2020",NA,"pA0868",NA,NA,NA,NA,NA,0,0
"frugiv.larvae.I_2020","frugiv","2020",NA,"pA0870",NA,NA,NA,NA,NA,0,0
"frugiv.larvae.I_2020","frugiv","2020",NA,"pA0871",NA,NA,NA,NA,NA,0,0
"frugiv.larvae.I_2020","frugiv","2020",NA,"pA0872",NA,NA,NA,NA,NA,0,0
"frugiv.larvae.I_2020","frugiv","2020",NA,"pA0874",NA,NA,NA,NA,NA,0,0
"frugiv.larvae.I_2020","frugiv","2020",NA,"pA0877",NA,NA,NA,NA,NA,0,0
"frugiv.larvae.I_2020","frugiv","2020",NA,"pA0880",NA,NA,NA,NA,NA,0,0
"frugiv.larvae.I_2020","frugiv","2020",NA,"pA0889",NA,NA,NA,NA,NA,0,0
"frugiv.larvae.I_2020","frugiv","2020",NA,"pA0890",NA,NA,NA,NA,NA,0,0
"frugiv.larvae.I_2020","frugiv","2020",NA,"pA0891",NA,NA,NA,NA,NA,0,0
"frugiv.larvae.I_2020","frugiv","2020",NA,"pA0903",NA,NA,NA,NA,NA,0,0
"frugiv.larvae.I_2020","frugiv","2020",NA,"pA0909",NA,NA,NA,NA,NA,0,0
"frugiv.larvae.I_2020","frugiv","2020",NA,"pA0917",NA,NA,NA,NA,NA,0,0
"frugiv.larvae.I_2020","frugiv","2020",NA,"pA0936",NA,NA,NA,NA,NA,0,0
"frugiv.larvae.I_2020","frugiv","2020",NA,"pA0945",NA,NA,NA,NA,NA,0,0
"frugiv.larvae.I_2020","frugiv","2020",NA,"pA0974",NA,NA,NA,NA,NA,0,0
"frugiv.larvae.I_2020","frugiv","2020",NA,"pA0982",NA,NA,NA,NA,NA,0,0
"frugiv.larvae.I_2020","frugiv","2020",NA,"pA0983",NA,NA,NA,NA,NA,0,0
"frugiv.larvae.I_2020","frugiv","2020",NA,"pA0986",NA,NA,NA,NA,NA,0,0
"frugiv.larvae.I_2020","frugiv","2020",NA,"pA0989",NA,NA,NA,NA,NA,0,0
"frugiv.larvae.I_2020","frugiv","2020",NA,"pA0990",NA,NA,NA,NA,NA,0,0
"frugiv.larvae.I_2020","frugiv","2020",NA,"pA0992",NA,NA,NA,NA,NA,0,0
"frugiv.larvae.I_2020","frugiv","2020",NA,"pA0996",NA,NA,NA,NA,NA,0,0
"frugiv.larvae.I_2020","frugiv","2020",NA,"pA0999",NA,NA,NA,NA,NA,0,0
"frugiv.larvae.I_2020","frugiv","2020",NA,"pA1000",NA,NA,NA,NA,NA,0,0
"frugiv.larvae.I_2020","frugiv","2020",NA,"pA1003",NA,NA,NA,NA,NA,0,0
"frugiv.larvae.I_2020","frugiv","2020",NA,"pA1015",NA,NA,NA,NA,NA,0,0
"frugiv.larvae.I_2020","frugiv","2020",NA,"pA1039",NA,NA,NA,NA,NA,0,0
"frugiv.larvae.I_2020","frugiv","2020",NA,"pA1040",NA,NA,NA,NA,NA,0,0
"frugiv.larvae.I_2020","frugiv","2020",NA,"pA1061",NA,NA,NA,NA,NA,0,0
"frugiv.larvae.I_2020","frugiv","2020",NA,"pA1066",NA,NA,NA,NA,NA,0,0
"frugiv.larvae.I_2020","frugiv","2020",NA,"pA1072",NA,NA,NA,NA,NA,0,0
"frugiv.larvae.I_2020","frugiv","2020",NA,"pA1091",NA,NA,NA,NA,NA,0,0
"frugiv.larvae.I_2020","frugiv","2020",NA,"pA1100",NA,NA,NA,NA,NA,0,0
"frugiv.larvae.I_2020","frugiv","2020",NA,"pA1138",NA,NA,NA,NA,NA,0,0
"frugiv.larvae.I_2020","frugiv","2020",NA,"pA1147",NA,NA,NA,NA,NA,0,0
"frugiv.larvae.I_2020","frugiv","2020",NA,"pA1174",NA,NA,NA,NA,NA,0,0
"frugiv.larvae.I_2020","frugiv","2020",NA,"pA1182",NA,NA,NA,NA,NA,0,0
"frugiv.larvae.I_2020","frugiv","2020",NA,"pA1196",NA,NA,NA,NA,NA,0,0
"frugiv.larvae.I_2020","frugiv","2020",NA,"pA1214",NA,NA,NA,NA,NA,0,0
"frugiv.larvae.I_2020","frugiv","2020",NA,"pA1242",NA,NA,NA,NA,NA,0,0
"frugiv.larvae.I_2020","frugiv","2020",NA,"pA1245",NA,NA,NA,NA,NA,0,0
"frugiv.larvae.I_2020","frugiv","2020",NA,"pA1248",NA,NA,NA,NA,NA,0,0
"frugiv.larvae.I_2020","frugiv","2020",NA,"pA1253",NA,NA,NA,NA,NA,0,0
"frugiv.larvae.I_2020","frugiv","2020",NA,"pA1346",NA,NA,NA,NA,NA,0,0
"frugiv.larvae.I_2020","frugiv","2020",NA,"pA0144",NA,NA,NA,NA,NA,NA,NA
