"ID","hole_robbing","num_larvae_I","num_larvae_II","weevil_grey","weevil_black","notes"
"pA0869",1,2,NA,NA,NA,"10 brown eggs together"
"pA0114",1,0,1,NA,NA,"2 larvae different"
"pA0125",1,0,1,NA,NA,"I reach adulthood with photo. It is probably a sirphydae (see mail of Alex)"
"pA0248",1,0,1,NA,NA,"I reach adulthood with photo. It is probably a sirfidae (see mail of Alex)"
"pA0515",1,1,NA,NA,NA,NA
"pA0077",0,0,1,NA,NA,"larvae II (envelope)"
"pA0007",1,1,NA,NA,NA,"Larvae was in the middle of the hole"
"pA0995",0,0,NA,NA,2,NA
"pA0018",1,0,NA,NA,NA,"ugly flower"
"pA0432",0,0,1,NA,NA,NA
"pA0662",1,0,NA,NA,NA,NA
"pA1212",1,0,NA,NA,NA,NA
"pA0361",1,0,1,NA,2,NA
"pA0363",1,1,NA,NA,2,NA
"pA0964",1,1,NA,NA,2,NA
"pA0577",1,0,NA,NA,2,NA
"pA0998",1,0,NA,NA,2,NA
"pA1254",0,0,NA,NA,2,NA
"pA0347",1,1,NA,1,1,NA
"pA0135",1,0,NA,1,1,NA
"pA0883",1,0,2,NA,1,NA
"pA0106",1,1,1,NA,1,NA
"pA0444",1,2,NA,NA,1,NA
"pA0792",0,2,NA,NA,1,NA
"pA1013",1,1,NA,NA,1,NA
"pA1059",0,1,NA,NA,1,NA
"pA0002",1,0,NA,NA,1,NA
"pA0035",1,0,NA,NA,1,NA
"pA0102",1,0,NA,NA,1,NA
"pA0122",1,0,NA,NA,1,NA
"pA0148",1,0,NA,NA,1,NA
"pA0150",1,0,NA,NA,1,NA
"pA0154",1,0,NA,NA,1,NA
"pA0181",1,0,NA,NA,1,NA
"pA0302",1,0,NA,NA,1,NA
"pA0313",1,0,NA,NA,1,NA
"pA0375",1,0,NA,NA,1,NA
"pA0377",1,0,NA,NA,1,NA
"pA0436",1,0,NA,NA,1,NA
"pA0456",1,0,NA,NA,1,NA
"pA0584",1,0,NA,NA,1,NA
"pA0816",1,0,NA,NA,1,NA
"pA0865",1,0,NA,NA,1,NA
"pA0876",1,0,NA,NA,1,NA
"pA0893",1,0,NA,NA,1,NA
"pA0968",1,0,NA,NA,1,NA
"pA1001",1,0,NA,NA,1,NA
"pA0190",0,0,NA,NA,1,NA
"pA0272",0,0,NA,NA,1,NA
"pA0463",0,0,NA,NA,1,NA
"pA0519",0,0,NA,NA,1,NA
"pA0618",0,0,NA,NA,1,NA
"pA0981",0,0,NA,NA,1,NA
"pA0224",1,0,0,1,NA,NA
"pA0508",1,0,0,1,NA,NA
"pA0512",1,1,NA,1,NA,NA
"pA0686",1,1,NA,1,NA,NA
"pA0085",1,0,NA,1,NA,NA
"pA0123",1,0,NA,1,NA,NA
"pA0139",1,0,NA,1,NA,NA
"pA0156",1,0,NA,1,NA,NA
"pA0619",1,0,NA,1,NA,NA
"pA0910",1,0,NA,1,NA,NA
"pA1130",1,0,1,2,NA,NA
"pA0581",1,0,NA,2,NA,NA
"pA1047",1,0,NA,2,NA,NA
"pA0538",1,0,2,NA,NA,NA
"pA0712",1,0,2,NA,NA,NA
"pA0763",1,0,2,NA,NA,NA
"pA0923",1,0,2,NA,NA,NA
"pA0482",0,0,2,NA,NA,NA
"pA0605",NA,3,1,NA,NA,NA
"pA0918",1,2,1,NA,NA,NA
"pA0411",1,1,1,NA,NA,NA
"pA0831",1,1,1,NA,NA,NA
"pA0605",0,1,1,NA,NA,NA
"pA1115",0,1,1,NA,NA,NA
"pA0103",1,0,1,NA,NA,NA
"pA0230",1,0,1,NA,NA,NA
"pA0251",1,0,1,NA,NA,NA
"pA0257",1,0,1,NA,NA,NA
"pA0271",1,0,1,NA,NA,NA
"pA0287",1,0,1,NA,NA,NA
"pA0294",1,0,1,NA,NA,NA
"pA0367",1,0,1,NA,NA,NA
"pA0372",1,0,1,NA,NA,NA
"pA0404",1,0,1,NA,NA,NA
"pA0455",1,0,1,NA,NA,NA
"pA0496",1,0,1,NA,NA,NA
"pA0507",1,0,1,NA,NA,NA
"pA0511",1,0,1,NA,NA,NA
"pA0563",1,0,1,NA,NA,NA
"pA0576",1,0,1,NA,NA,NA
"pA0589",1,0,1,NA,NA,NA
"pA0614",1,0,1,NA,NA,NA
"pA0664",1,0,1,NA,NA,NA
"pA0717",1,0,1,NA,NA,NA
"pA0721",1,0,1,NA,NA,NA
"pA0756",1,0,1,NA,NA,NA
"pA0772",1,0,1,NA,NA,NA
"pA0828",1,0,1,NA,NA,NA
"pA0829",1,0,1,NA,NA,NA
"pA0845",1,0,1,NA,NA,NA
"pA0907",1,0,1,NA,NA,NA
"pA1017",1,0,1,NA,NA,NA
"pA1119",1,0,1,NA,NA,NA
"pA1122",1,0,1,NA,NA,NA
"pA0304",0,0,1,NA,NA,NA
"pA0590",0,0,1,NA,NA,NA
"pA0602",0,0,1,NA,NA,NA
"pA0702",0,0,1,NA,NA,NA
"pA0855",0,0,1,NA,NA,NA
"pA0771",1,NA,1,NA,NA,NA
"pA0529",1,0,0,NA,NA,NA
"pA0326",1,8,NA,NA,NA,NA
"pA0671",1,6,NA,NA,NA,NA
"pA0061",1,5,NA,NA,NA,NA
"pA0625",1,5,NA,NA,NA,NA
"pA0655",1,5,NA,NA,NA,NA
"pA0985",1,5,NA,NA,NA,NA
"pA0414",0,5,NA,NA,NA,NA
"pA0334",1,4,NA,NA,NA,NA
"pA0783",1,4,NA,NA,NA,NA
"pA1064",1,4,NA,NA,NA,NA
"pA0104",0,4,NA,NA,NA,NA
"pA0678",0,4,NA,NA,NA,NA
"pA0822",0,4,NA,NA,NA,NA
"pA0905",0,4,NA,NA,NA,NA
"pA0993",0,4,NA,NA,NA,NA
"pA0043",1,3,NA,NA,NA,NA
"pA0062",1,3,NA,NA,NA,NA
"pA0297",1,3,NA,NA,NA,NA
"pA0484",1,3,NA,NA,NA,NA
"pA0565",1,3,NA,NA,NA,NA
"pA0567",1,3,NA,NA,NA,NA
"pA0711",1,3,NA,NA,NA,NA
"pA0813",1,3,NA,NA,NA,NA
"pA0022",0,3,NA,NA,NA,NA
"pA0452",0,3,NA,NA,NA,NA
"pA0075",1,2,NA,NA,NA,NA
"pA0089",1,2,NA,NA,NA,NA
"pA0141",1,2,NA,NA,NA,NA
"pA0157",1,2,NA,NA,NA,NA
"pA0173",1,2,NA,NA,NA,NA
"pA0188",1,2,NA,NA,NA,NA
"pA0225",1,2,NA,NA,NA,NA
"pA0250",1,2,NA,NA,NA,NA
"pA0286",1,2,NA,NA,NA,NA
"pA0405",1,2,NA,NA,NA,NA
"pA0431",1,2,NA,NA,NA,NA
"pA0592",1,2,NA,NA,NA,NA
"pA0637",1,2,NA,NA,NA,NA
"pA0720",1,2,NA,NA,NA,NA
"pA0780",1,2,NA,NA,NA,NA
"pA0858",1,2,NA,NA,NA,NA
"pA0878",1,2,NA,NA,NA,NA
"pA0914",1,2,NA,NA,NA,NA
"pA0933",1,2,NA,NA,NA,NA
"pA1041",1,2,NA,NA,NA,NA
"pA1074",1,2,NA,NA,NA,NA
"pA1111",1,2,NA,NA,NA,NA
"pA1206",1,2,NA,NA,NA,NA
"pA1243",1,2,NA,NA,NA,NA
"pA0392",0,2,NA,NA,NA,NA
"pA0555",0,2,NA,NA,NA,NA
"pA0582",0,2,NA,NA,NA,NA
"pA0737",0,2,NA,NA,NA,NA
"pA0768",0,2,NA,NA,NA,NA
"pA0840",0,2,NA,NA,NA,NA
"pA0862",0,2,NA,NA,NA,NA
"pA0965",0,2,NA,NA,NA,NA
"pA1069",0,2,NA,NA,NA,NA
"pA1118",0,2,NA,NA,NA,NA
"pA1171",0,2,NA,NA,NA,NA
"pA0015",1,1,NA,NA,NA,NA
"pA0026",1,1,NA,NA,NA,NA
"pA0029",1,1,NA,NA,NA,NA
"pA0033",1,1,NA,NA,NA,NA
"pA0036",1,1,NA,NA,NA,NA
"pA0041",1,1,NA,NA,NA,NA
"pA0042",1,1,NA,NA,NA,NA
"pA0049",1,1,NA,NA,NA,NA
"pA0052",1,1,NA,NA,NA,NA
"pA0076",1,1,NA,NA,NA,NA
"pA0090",1,1,NA,NA,NA,NA
"pA0095",1,1,NA,NA,NA,NA
"pA0109",1,1,NA,NA,NA,NA
"pA0134",1,1,NA,NA,NA,NA
"pA0137",1,1,NA,NA,NA,NA
"pA0153",1,1,NA,NA,NA,NA
"pA0160",1,1,NA,NA,NA,NA
"pA0171",1,1,NA,NA,NA,NA
"pA0194",1,1,NA,NA,NA,NA
"pA0197",1,1,NA,NA,NA,NA
"pA0198",1,1,NA,NA,NA,NA
"pA0204",1,1,NA,NA,NA,NA
"pA0210",1,1,NA,NA,NA,NA
"pA0216",1,1,NA,NA,NA,NA
"pA0231",1,1,NA,NA,NA,NA
"pA0232",1,1,NA,NA,NA,NA
"pA0277",1,1,NA,NA,NA,NA
"pA0288",1,1,NA,NA,NA,NA
"pA0290",1,1,NA,NA,NA,NA
"pA0295",1,1,NA,NA,NA,NA
"pA0325",1,1,NA,NA,NA,NA
"pA0337",1,1,NA,NA,NA,NA
"pA0354",1,1,NA,NA,NA,NA
"pA0369",1,1,NA,NA,NA,NA
"pA0389",1,1,NA,NA,NA,NA
"pA0408",1,1,NA,NA,NA,NA
"pA0413",1,1,NA,NA,NA,NA
"pA0417",1,1,NA,NA,NA,NA
"pA0449",1,1,NA,NA,NA,NA
"pA0481",1,1,NA,NA,NA,NA
"pA0493",1,1,NA,NA,NA,NA
"pA0499",1,1,NA,NA,NA,NA
"pA0502",1,1,NA,NA,NA,NA
"pA0510",1,1,NA,NA,NA,NA
"pA0542",1,1,NA,NA,NA,NA
"pA0559",1,1,NA,NA,NA,NA
"pA0572",1,1,NA,NA,NA,NA
"pA0630",1,1,NA,NA,NA,NA
"pA0639",1,1,NA,NA,NA,NA
"pA0676",1,1,NA,NA,NA,NA
"pA0681",1,1,NA,NA,NA,NA
"pA0693",1,1,NA,NA,NA,NA
"pA0699",1,1,NA,NA,NA,NA
"pA0707",1,1,NA,NA,NA,NA
"pA0731",1,1,NA,NA,NA,NA
"pA0740",1,1,NA,NA,NA,NA
"pA0749",1,1,NA,NA,NA,NA
"pA0750",1,1,NA,NA,NA,NA
"pA0754",1,1,NA,NA,NA,NA
"pA0764",1,1,NA,NA,NA,NA
"pA0777",1,1,NA,NA,NA,NA
"pA0797",1,1,NA,NA,NA,NA
"pA0901",1,1,NA,NA,NA,NA
"pA0912",1,1,NA,NA,NA,NA
"pA0932",1,1,NA,NA,NA,NA
"pA0941",1,1,NA,NA,NA,NA
"pA0947",1,1,NA,NA,NA,NA
"pA0953",1,1,NA,NA,NA,NA
"pA0960",1,1,NA,NA,NA,NA
"pA0988",1,1,NA,NA,NA,NA
"pA1012",1,1,NA,NA,NA,NA
"pA1029",1,1,NA,NA,NA,NA
"pA1044",1,1,NA,NA,NA,NA
"pA1051",1,1,NA,NA,NA,NA
"pA1070",1,1,NA,NA,NA,NA
"pA1085",1,1,NA,NA,NA,NA
"pA1098",1,1,NA,NA,NA,NA
"pA1133",1,1,NA,NA,NA,NA
"pA1186",1,1,NA,NA,NA,NA
"pA0011",0,1,NA,NA,NA,NA
"pA0012",0,1,NA,NA,NA,NA
"pA0021",0,1,NA,NA,NA,NA
"pA0064",0,1,NA,NA,NA,NA
"pA0282",0,1,NA,NA,NA,NA
"pA0284",0,1,NA,NA,NA,NA
"pA0303",0,1,NA,NA,NA,NA
"pA0425",0,1,NA,NA,NA,NA
"pA0464",0,1,NA,NA,NA,NA
"pA0533",0,1,NA,NA,NA,NA
"pA0609",0,1,NA,NA,NA,NA
"pA0620",0,1,NA,NA,NA,NA
"pA0624",0,1,NA,NA,NA,NA
"pA0648",0,1,NA,NA,NA,NA
"pA0650",0,1,NA,NA,NA,NA
"pA0651",0,1,NA,NA,NA,NA
"pA0653",0,1,NA,NA,NA,NA
"pA0654",0,1,NA,NA,NA,NA
"pA0661",0,1,NA,NA,NA,NA
"pA0667",0,1,NA,NA,NA,NA
"pA0726",0,1,NA,NA,NA,NA
"pA0804",0,1,NA,NA,NA,NA
"pA0841",0,1,NA,NA,NA,NA
"pA0900",0,1,NA,NA,NA,NA
"pA0927",0,1,NA,NA,NA,NA
"pA0931",0,1,NA,NA,NA,NA
"pA1002",0,1,NA,NA,NA,NA
"pA1009",0,1,NA,NA,1,NA
"pA1124",0,1,NA,NA,NA,NA
"pA1127",0,1,NA,NA,NA,NA
"pA1128",0,1,NA,NA,NA,NA
"pA1149",0,1,NA,NA,NA,NA
"pA1172",0,1,NA,NA,NA,NA
"pA1205",0,1,NA,NA,NA,NA
"pA1211",0,1,NA,NA,NA,NA
"pA0001",1,0,NA,NA,NA,NA
"pA0002",1,0,NA,NA,NA,NA
"pA0003",1,0,NA,NA,NA,NA
"pA0006",1,0,NA,NA,NA,NA
"pA0010",1,0,NA,NA,NA,NA
"pA0013",1,0,NA,NA,NA,NA
"pA0014",1,0,NA,NA,NA,NA
"pA0016",1,0,NA,NA,NA,NA
"pA0017",1,0,NA,NA,NA,NA
"pA0019",1,0,NA,NA,NA,NA
"pA0024",1,0,NA,NA,NA,NA
"pA0025",1,0,NA,NA,NA,NA
"pA0028",1,0,NA,NA,NA,NA
"pA0030",1,0,NA,NA,NA,NA
"pA0031",1,0,NA,NA,NA,NA
"pA0032",1,0,NA,NA,NA,NA
"pA0034",1,0,NA,NA,NA,NA
"pA0037",1,0,NA,NA,NA,NA
"pA0038",1,0,NA,NA,NA,NA
"pA0039",1,0,NA,NA,NA,NA
"pA0040",1,0,NA,NA,NA,NA
"pA0044",1,0,NA,NA,NA,NA
"pA0045",1,0,NA,NA,NA,NA
"pA0046",1,0,NA,NA,NA,NA
"pA0047",1,0,NA,NA,NA,NA
"pA0048",1,0,NA,NA,NA,NA
"pA0051",1,0,NA,NA,NA,NA
"pA0053",1,0,NA,NA,NA,NA
"pA0054",1,0,NA,NA,NA,NA
"pA0055",1,0,NA,NA,NA,NA
"pA0056",1,0,NA,NA,NA,NA
"pA0057",1,0,NA,NA,NA,NA
"pA0058",1,0,NA,NA,NA,NA
"pA0059",1,0,NA,NA,NA,NA
"pA0060",1,0,NA,NA,NA,NA
"pA0065",1,0,NA,NA,NA,NA
"pA0066",1,0,NA,NA,NA,NA
"pA0067",1,0,NA,NA,NA,NA
"pA0069",1,0,NA,NA,NA,NA
"pA0070",1,0,NA,NA,NA,NA
"pA0071",1,0,NA,NA,NA,NA
"pA0072",1,0,NA,NA,NA,NA
"pA0073",1,0,NA,NA,NA,NA
"pA0074",1,0,NA,NA,NA,NA
"pA0078",1,0,NA,NA,NA,NA
"pA0079",1,0,NA,NA,NA,NA
"pA008",1,0,NA,NA,NA,NA
"pA0082",1,0,NA,NA,NA,NA
"pA00835",1,0,NA,NA,NA,NA
"pA0084",1,0,NA,NA,NA,NA
"pA0087",1,0,NA,NA,NA,NA
"pA0088",1,0,NA,NA,NA,NA
"pA0093",1,0,NA,NA,NA,NA
"pA0097",1,0,NA,NA,NA,NA
"pA0098",1,0,NA,NA,NA,NA
"pA0099",1,0,NA,NA,NA,NA
"pA0101",1,0,NA,NA,NA,NA
"pA0105",1,0,NA,NA,NA,NA
"pA0108",1,0,NA,NA,NA,NA
"pA0111",1,0,NA,NA,NA,NA
"pA0112",1,0,NA,NA,NA,NA
"pA0113",1,0,NA,NA,NA,NA
"pA0115",1,0,NA,NA,NA,NA
"pA0116",1,0,NA,NA,NA,NA
"pA0117",1,0,NA,NA,NA,NA
"pA0118",1,0,NA,NA,NA,NA
"pA0119",1,0,NA,NA,NA,NA
"pA0120",1,0,NA,NA,NA,NA
"pA0121",1,0,NA,NA,NA,NA
"pA0124",1,0,NA,NA,NA,NA
"pA0126",1,0,NA,NA,NA,NA
"pA0127",1,0,NA,NA,NA,NA
"pA0128",1,0,NA,NA,NA,NA
"pA0129",1,0,NA,NA,NA,NA
"pA0130",1,0,NA,NA,NA,NA
"pA0131",1,0,NA,NA,NA,NA
"pA0132",1,0,NA,NA,NA,NA
"pA0133",1,0,NA,NA,NA,NA
"pA0136",1,0,NA,NA,NA,NA
"pA0140",1,0,NA,NA,NA,NA
"pA0142",1,0,NA,NA,NA,NA
"pA0143",1,0,NA,NA,NA,NA
"pA0145",1,0,NA,NA,NA,NA
"pA0147",1,0,NA,NA,NA,NA
"pA0149",1,0,NA,NA,NA,NA
"pA0151",1,0,NA,NA,NA,NA
"pA0152",1,0,NA,NA,NA,NA
"pA0155",1,0,NA,NA,NA,NA
"pA0158",1,0,NA,NA,NA,NA
"pA0159",1,0,NA,NA,NA,NA
"pA0161",1,0,NA,NA,NA,NA
"pA0162",1,0,NA,NA,NA,NA
"pA0163",1,0,NA,NA,NA,NA
"pA0164",1,0,NA,NA,NA,NA
"pA0165",1,0,NA,NA,NA,NA
"pA0166",1,0,NA,NA,NA,NA
"pA0168",1,0,NA,NA,NA,NA
"pA0174",1,0,NA,NA,NA,NA
"pA0175",1,0,NA,NA,NA,NA
"pA0176",1,0,NA,NA,NA,NA
"pA0177",1,0,NA,NA,NA,NA
"pA0178",1,0,NA,NA,NA,NA
"pA0180",1,0,NA,NA,NA,NA
"pA0183",1,0,NA,NA,NA,NA
"pA0186",1,0,NA,NA,NA,NA
"pA0187",1,0,NA,NA,NA,NA
"pA0189",1,0,NA,NA,NA,NA
"pA0192",1,0,NA,NA,NA,NA
"pA0193",1,0,NA,NA,NA,NA
"pA0196",1,0,NA,NA,NA,NA
"pA0199",1,0,NA,NA,NA,NA
"pA0200",1,0,NA,NA,NA,NA
"pA0201",1,0,NA,NA,NA,NA
"pA0202",1,0,NA,NA,NA,NA
"pA0203",1,0,NA,NA,NA,NA
"pA0205",1,0,NA,NA,NA,NA
"pA0206",1,0,NA,NA,NA,NA
"pA0208",1,0,NA,NA,NA,NA
"pA0209",1,0,NA,NA,NA,NA
"pA0211",1,0,NA,NA,NA,NA
"pA0213",1,0,NA,NA,NA,NA
"pA0214",1,0,NA,NA,NA,NA
"pA0215",1,0,NA,NA,NA,NA
"pA0217",1,0,NA,NA,NA,NA
"pA0218",1,0,NA,NA,NA,NA
"pA0219",1,0,NA,NA,NA,NA
"pA0220",1,0,NA,NA,NA,NA
"pA0221",1,0,NA,NA,NA,NA
"pA0222",1,0,NA,NA,NA,NA
"pA0226",1,0,NA,NA,NA,NA
"pA0227",1,0,NA,NA,NA,NA
"pA0228",1,0,NA,NA,NA,NA
"pA0229",1,0,NA,NA,NA,NA
"pA0235",1,0,NA,NA,NA,NA
"pA0236",1,0,NA,NA,NA,NA
"pA0237",1,0,NA,NA,NA,NA
"pA0241",1,0,NA,NA,NA,NA
"pA0242",1,0,NA,NA,NA,NA
"pA0244",1,0,NA,NA,NA,NA
"pA0245",1,0,NA,NA,NA,NA
"pA0246",1,0,NA,NA,NA,NA
"pA0247",1,0,NA,NA,NA,NA
"pA0249",1,0,NA,NA,NA,NA
"pA0252",1,0,NA,NA,NA,NA
"pA0254",1,0,NA,NA,NA,NA
"pA0255",1,0,NA,NA,NA,NA
"pA0258",1,0,NA,NA,NA,NA
"pA0259",1,0,NA,NA,NA,NA
"pA0260",1,0,NA,NA,NA,NA
"pA0261",1,0,NA,NA,NA,NA
"pA0263",1,0,NA,NA,NA,NA
"pA0264",1,0,NA,NA,NA,NA
"pA0265",1,0,NA,NA,NA,NA
"pA0266",1,0,NA,NA,NA,NA
"pA0268",1,0,NA,NA,NA,NA
"pA0270",1,0,NA,NA,NA,NA
"pA0273",1,0,NA,NA,NA,NA
"pA0274",1,0,NA,NA,NA,NA
"pA0275",1,0,NA,NA,NA,NA
"pA0276",1,0,NA,NA,NA,NA
"pA0278",1,0,NA,NA,NA,NA
"pA0285",1,0,NA,NA,NA,NA
"pA0289",1,0,NA,NA,NA,NA
"pA0291",1,0,NA,NA,NA,NA
"pA0292",1,0,NA,NA,NA,NA
"pA0296",1,0,NA,NA,NA,NA
"pA0298",1,0,NA,NA,NA,NA
"pA0299",1,0,NA,NA,NA,NA
"pA0300",1,0,NA,NA,NA,NA
"pA0301",1,0,NA,NA,NA,NA
"pA0306",1,0,NA,NA,NA,NA
"pA0307",1,0,NA,NA,NA,NA
"pA0308",1,0,NA,NA,NA,NA
"pA0309",1,0,NA,NA,NA,NA
"pA0314",1,0,NA,NA,NA,NA
"pA0315",1,0,NA,NA,NA,NA
"pA0319",1,0,NA,NA,NA,NA
"pA0320",1,0,NA,NA,NA,NA
"pA0327",1,0,NA,NA,NA,NA
"pA0331",1,0,NA,NA,NA,NA
"pA0339",1,0,NA,NA,NA,NA
"pA0341",1,0,NA,NA,NA,NA
"pA0342",1,0,NA,NA,NA,NA
"pA0344",1,0,NA,NA,NA,NA
"pA0345",1,0,NA,NA,NA,NA
"pA0350",1,0,NA,NA,NA,NA
"pA0355",1,0,NA,NA,NA,NA
"pA0356",1,0,NA,NA,NA,NA
"pA0358",1,0,NA,NA,NA,NA
"pA0359",1,0,NA,NA,NA,NA
"pA0360",1,0,NA,NA,NA,NA
"pA0364",1,0,NA,NA,NA,NA
"pA0366",1,0,NA,NA,NA,NA
"pA0368",1,0,NA,NA,NA,NA
"pA0370",1,0,NA,NA,NA,NA
"pA0371",1,0,NA,NA,NA,NA
"pA0373",1,0,NA,NA,NA,NA
"pA0374",1,0,NA,NA,NA,NA
"pA0376",1,0,NA,NA,NA,NA
"pA0378",1,0,NA,NA,NA,NA
"pA0381",1,0,NA,NA,NA,NA
"pA0382",1,0,NA,NA,NA,NA
"pA0383",1,0,NA,NA,NA,NA
"pA0384",1,0,NA,NA,NA,NA
"pA0385",1,0,NA,NA,NA,NA
"pA0386",1,0,NA,NA,NA,NA
"pA0387",1,0,NA,NA,NA,NA
"pA0388",1,0,NA,NA,NA,NA
"pA0390",1,0,NA,NA,NA,NA
"pA0391",1,0,NA,NA,NA,NA
"pA0393",1,0,NA,NA,NA,NA
"pA0394",1,0,NA,NA,NA,NA
"pA0396",1,0,NA,NA,NA,NA
"pA0397",1,0,NA,NA,NA,NA
"pA0398",1,0,NA,NA,NA,NA
"pA0399",1,0,NA,NA,NA,NA
"pA0400",1,0,NA,NA,NA,NA
"pA0401",1,0,NA,NA,NA,NA
"pA0402",1,0,NA,NA,NA,NA
"pA0403",1,0,NA,NA,NA,NA
"pA0406",1,0,NA,NA,NA,NA
"pA0407",1,0,NA,NA,NA,NA
"pA0409",1,0,NA,NA,NA,NA
"pA0410",1,0,NA,NA,NA,NA
"pA0412",1,0,NA,NA,NA,NA
"pA0415",1,0,NA,NA,NA,NA
"pA0416",1,0,NA,NA,NA,NA
"pA0418",1,0,NA,NA,NA,NA
"pA0419",1,0,NA,NA,NA,NA
"pA0420",1,0,NA,NA,NA,NA
"pA0422",1,0,NA,NA,NA,NA
"pA0423",1,0,NA,NA,NA,NA
"pA0424",1,0,NA,NA,NA,NA
"pA0429",1,0,NA,NA,NA,NA
"pA0430",1,0,NA,NA,NA,NA
"pA0437",1,0,NA,NA,NA,NA
"pA0438",1,0,NA,NA,NA,NA
"pA0439",1,0,NA,NA,NA,NA
"pA0440",1,0,NA,NA,NA,NA
"pA0445",1,0,NA,NA,NA,NA
"pA0446",1,0,NA,NA,NA,NA
"pA0447",1,0,NA,NA,NA,NA
"pA0448",1,0,NA,NA,NA,NA
"pA0450",1,0,NA,NA,NA,NA
"pA0451",1,0,NA,NA,NA,NA
"pA0453",1,0,NA,NA,NA,NA
"pA0454",1,0,NA,NA,NA,NA
"pA0457",1,0,NA,NA,NA,NA
"pA0458",1,0,NA,NA,NA,NA
"pA0459",1,0,NA,NA,NA,NA
"pA0460",1,0,NA,NA,NA,NA
"pA0461",1,0,NA,NA,NA,NA
"pA0462",1,0,NA,NA,NA,NA
"pA0465",1,0,NA,NA,NA,NA
"pA0466",1,0,NA,NA,NA,NA
"pA0468",1,0,NA,NA,NA,NA
"pA0469",1,0,NA,NA,NA,NA
"pA0472",1,0,NA,NA,NA,NA
"pA0473",1,0,NA,NA,NA,NA
"pA0474",1,0,NA,NA,NA,NA
"pA0475",1,0,NA,NA,NA,NA
"pA0476",1,0,NA,NA,NA,NA
"pA0477",1,0,NA,NA,NA,NA
"pA0479",1,0,NA,NA,NA,NA
"pA0480",1,0,NA,NA,NA,NA
"pA0483",1,0,NA,NA,NA,NA
"pA0486",1,0,NA,NA,NA,NA
"pA0489",1,0,NA,NA,NA,NA
"pA0490",1,0,NA,NA,NA,NA
"pA0494",1,0,NA,NA,NA,NA
"pA0498",1,0,NA,NA,NA,NA
"pA0503",1,0,NA,NA,NA,NA
"pA0505",1,0,NA,NA,NA,NA
"pA0506",1,0,NA,NA,NA,NA
"pA0513",1,0,NA,NA,NA,NA
"pA0518",1,0,NA,NA,NA,NA
"pA0520",1,0,NA,NA,NA,NA
"pA0522",1,0,NA,NA,NA,NA
"pA0523",1,0,NA,NA,NA,NA
"pA0526",1,0,NA,NA,NA,NA
"pA0527",1,0,NA,NA,NA,NA
"pA0528",1,0,NA,NA,NA,NA
"pA0530",1,0,NA,NA,NA,NA
"pA0534",1,0,NA,NA,NA,NA
"pA0535",1,0,NA,NA,NA,NA
"pA0540",1,0,NA,NA,NA,NA
"pA0541",1,0,NA,NA,NA,NA
"pA0543",1,0,NA,NA,NA,NA
"pA0544",1,0,NA,NA,NA,NA
"pA0545",1,0,NA,NA,NA,NA
"pA0546",1,0,NA,NA,NA,NA
"pA0547",1,0,NA,NA,NA,NA
"pA0548",1,0,NA,NA,NA,NA
"pA0549",1,0,NA,NA,NA,NA
"pA0551",1,0,NA,NA,NA,NA
"pA0552",1,0,NA,NA,NA,NA
"pA0553",1,0,NA,NA,NA,NA
"pA0556",1,0,NA,NA,NA,NA
"pA0557",1,0,NA,NA,NA,NA
"pA0558",1,0,NA,NA,NA,NA
"pA0560",1,0,NA,NA,NA,NA
"pA0561",1,0,NA,NA,NA,NA
"pA0562",1,0,NA,NA,NA,NA
"pA0564",1,0,NA,NA,NA,NA
"pA0566",1,0,NA,NA,NA,NA
"pA0568",1,0,NA,NA,NA,NA
"pA0569",1,0,NA,NA,NA,NA
"pA0571",1,0,NA,NA,NA,NA
"pA0573",1,0,NA,NA,NA,NA
"pA0575",1,0,NA,NA,NA,NA
"pA0580",1,0,NA,NA,NA,NA
"pA0583",1,0,NA,NA,NA,NA
"pA0586",1,0,NA,NA,NA,NA
"pA0588",1,0,NA,NA,NA,NA
"pA0591",1,0,NA,NA,NA,NA
"pA0593",1,0,NA,NA,NA,NA
"pA0594",1,0,NA,NA,NA,NA
"pA0595",1,0,NA,NA,NA,NA
"pA0597",1,0,NA,NA,NA,NA
"pA0598",1,0,NA,NA,NA,NA
"pA0599",1,0,NA,NA,NA,NA
"pA0600",1,0,NA,NA,NA,NA
"pA0601",1,0,NA,NA,NA,NA
"pA0603",1,0,NA,NA,NA,NA
"pA0611",1,0,NA,NA,NA,NA
"pA0612",1,0,NA,NA,NA,NA
"pA0613",1,0,NA,NA,NA,NA
"pA0616",1,0,NA,NA,NA,NA
"pA0617",1,0,NA,NA,NA,NA
"pA0621",1,0,NA,NA,NA,NA
"pA0622",1,0,NA,NA,NA,NA
"pA0623",1,0,NA,NA,NA,NA
"pA0633",1,0,NA,NA,NA,NA
"pA0635",1,0,NA,NA,NA,NA
"pA0640",1,0,NA,NA,NA,NA
"pA0641",1,0,NA,NA,NA,NA
"pA0642",1,0,NA,NA,NA,NA
"pA0643",1,0,NA,NA,NA,NA
"pA0644",1,0,NA,NA,NA,NA
"pA0646",1,0,NA,NA,NA,NA
"pA0649",1,0,NA,NA,NA,NA
"pA0656",1,0,NA,NA,NA,NA
"pA0657",1,0,NA,NA,NA,NA
"pA0658",1,0,NA,NA,NA,NA
"pA0663",1,0,NA,NA,NA,NA
"pA0665",1,0,NA,NA,NA,NA
"pA0667",1,0,NA,NA,NA,NA
"pA0668",1,0,NA,NA,NA,NA
"pA0669",1,0,NA,NA,NA,NA
"pA0670",1,0,NA,NA,NA,NA
"pA0672",1,0,NA,NA,NA,NA
"pA0674",1,0,NA,NA,NA,NA
"pA0675",1,0,NA,NA,NA,NA
"pA0679",1,0,NA,NA,NA,NA
"pA0684",1,0,NA,NA,NA,NA
"pA0688",1,0,NA,NA,NA,NA
"pA0691",1,0,NA,NA,NA,NA
"pA0694",1,0,NA,NA,NA,NA
"pA0695",1,0,NA,NA,NA,NA
"pA0696",1,0,NA,NA,NA,NA
"pA0698",1,0,NA,NA,NA,NA
"pA0701",1,0,NA,NA,NA,NA
"pA0703",1,0,NA,NA,NA,NA
"pA0705",1,0,NA,NA,NA,NA
"pA0706",1,0,NA,NA,NA,NA
"pA0710",1,0,NA,NA,NA,NA
"pA0713",1,0,NA,NA,NA,NA
"pA0714",1,0,NA,NA,NA,NA
"pA0716",1,0,NA,NA,NA,NA
"pA0718",1,0,NA,NA,NA,NA
"pA0719",1,0,NA,NA,NA,NA
"pA0722",1,0,NA,NA,NA,NA
"pA0724",1,0,NA,NA,NA,NA
"pA0727",1,0,NA,NA,NA,NA
"pA0728",1,0,NA,NA,NA,NA
"pA0729",1,0,NA,NA,NA,NA
"pA0730",1,0,NA,NA,NA,NA
"pA0732",1,0,NA,NA,NA,NA
"pA0733",1,0,NA,NA,NA,NA
"pA0734",1,0,NA,NA,NA,NA
"pA0736",1,0,NA,NA,NA,NA
"pA0743",1,0,NA,NA,NA,NA
"pA0744",1,0,NA,NA,NA,NA
"pA0744",1,0,NA,NA,NA,NA
"pA0745",1,0,NA,NA,NA,NA
"pA0746",1,0,NA,NA,NA,NA
"pA0751",1,0,NA,NA,NA,NA
"pA0752",1,0,NA,NA,NA,NA
"pA0753",1,0,NA,NA,NA,NA
"pA0755",1,0,NA,NA,NA,NA
"pA0757",1,0,NA,NA,NA,NA
"pA0758",1,0,NA,NA,NA,NA
"pA0759",1,0,NA,NA,NA,NA
"pA0766",1,0,NA,NA,NA,NA
"pA0769",1,0,NA,NA,NA,NA
"pA0773",1,0,NA,NA,NA,NA
"pA0776",1,0,NA,NA,NA,NA
"pA0778",1,0,NA,NA,NA,NA
"pA0781",1,0,NA,NA,NA,NA
"pA0785",1,0,NA,NA,NA,NA
"pA0788",1,0,NA,NA,NA,NA
"pA0789",1,0,NA,NA,NA,NA
"pA0793",1,0,NA,NA,NA,NA
"pA0794",1,0,NA,NA,NA,NA
"pA0795",1,0,NA,NA,NA,NA
"pA0796",1,0,NA,NA,NA,NA
"pA0798",1,0,NA,NA,NA,NA
"pA0799",1,0,NA,NA,NA,NA
"pA0800",1,0,NA,NA,NA,NA
"pA0803",1,0,NA,NA,NA,NA
"pA0807",1,0,NA,NA,NA,NA
"pA0810",1,0,NA,NA,NA,NA
"pA0815",1,0,NA,NA,NA,NA
"pA0817",1,0,NA,NA,NA,NA
"pA0818",1,0,NA,NA,NA,NA
"pA0821",1,0,NA,NA,NA,NA
"pA0823",1,0,NA,NA,NA,NA
"pA0824",1,0,NA,NA,NA,NA
"pA0825",1,0,NA,NA,NA,NA
"pA0826",1,0,NA,NA,NA,NA
"pA0827",1,0,NA,NA,NA,NA
"pA0830",1,0,NA,NA,NA,NA
"pA0832",1,0,NA,NA,NA,NA
"pA0833",1,0,NA,NA,NA,NA
"pA0834",1,0,NA,NA,NA,NA
"pA0836",1,0,NA,NA,NA,NA
"pA0837",1,0,NA,NA,NA,NA
"pA0843",1,0,NA,NA,NA,NA
"pA0849",1,0,NA,NA,NA,NA
"pA0852",1,0,NA,NA,NA,NA
"pA0861",1,0,NA,NA,NA,NA
"pA0863",1,0,NA,NA,NA,NA
"pA0864",1,0,NA,NA,NA,NA
"pA0867",1,0,NA,NA,NA,NA
"pA0879",1,0,NA,NA,NA,NA
"pA0881",1,0,NA,NA,NA,NA
"pA0882",1,0,NA,NA,NA,NA
"pA0884",1,0,NA,NA,NA,NA
"pA0885",1,0,NA,NA,NA,NA
"pA0886",1,0,NA,NA,NA,NA
"pA0892",1,0,NA,NA,NA,NA
"pA0894",1,0,NA,NA,NA,NA
"pA0895",1,0,NA,NA,NA,NA
"pA0896",1,0,NA,NA,NA,NA
"pA0897",1,0,NA,NA,NA,NA
"pA0899",1,0,NA,NA,NA,NA
"pA0902",1,0,NA,NA,NA,NA
"pA0904",1,0,NA,NA,NA,NA
"pA0906",1,0,NA,NA,NA,NA
"pA0908",1,0,NA,NA,NA,NA
"pA0911",1,0,NA,NA,NA,NA
"pA0913",1,0,NA,NA,NA,NA
"pA0915",1,0,NA,NA,NA,NA
"pA0916",1,0,NA,NA,NA,NA
"pA0919",1,0,NA,NA,NA,NA
"pA0920",1,0,NA,NA,NA,NA
"pA0921",1,0,NA,NA,NA,NA
"pA0924",1,0,NA,NA,NA,NA
"pA0925",1,0,NA,NA,NA,NA
"pA0929",1,0,NA,NA,NA,NA
"pA0937",1,0,NA,NA,NA,NA
"pA0938",1,0,NA,NA,NA,NA
"pA0948",1,0,NA,NA,NA,NA
"pA0950",1,0,NA,NA,NA,NA
"pA0952",1,0,NA,NA,NA,NA
"pA0954",1,0,NA,NA,NA,NA
"pA0956",1,0,NA,NA,NA,NA
"pA0957",1,0,NA,NA,NA,NA
"pA0962",1,0,NA,NA,NA,NA
"pA0966",1,0,NA,NA,NA,NA
"pA0967",1,0,NA,NA,NA,NA
"pA0972",1,0,NA,NA,NA,NA
"pA0984",1,0,NA,NA,NA,NA
"pA0994",1,0,NA,NA,NA,NA
"pA0997",1,0,NA,NA,NA,NA
"pA1008",1,0,NA,NA,NA,NA
"pA1010",1,0,NA,NA,NA,NA
"pA1018",1,0,NA,NA,NA,NA
"pA1019",1,0,NA,NA,NA,NA
"pA1023",1,0,NA,NA,NA,NA
"pA1025",1,0,NA,NA,NA,NA
"pA1027",1,0,NA,NA,NA,NA
"pA1031",1,0,NA,NA,NA,NA
"pA1033",1,0,NA,NA,NA,NA
"pA1050",1,0,NA,NA,NA,NA
"pA1053",1,0,NA,NA,NA,NA
"pA1055",1,0,NA,NA,NA,NA
"pA1063",1,0,NA,NA,NA,NA
"pA1068",1,0,NA,NA,NA,NA
"pA1073",1,0,NA,NA,NA,NA
"pA1075",1,0,NA,NA,NA,NA
"pA1078",1,0,NA,NA,NA,NA
"pA1080",1,0,NA,NA,NA,NA
"pA1081",1,0,NA,NA,NA,NA
"pA1087",1,0,NA,NA,NA,NA
"pA1088",1,0,NA,NA,NA,NA
"pA1089",1,0,NA,NA,NA,NA
"pA1092",1,0,NA,NA,NA,NA
"pA1094",1,0,NA,NA,NA,NA
"pA1106",1,0,NA,NA,NA,NA
"pA1129",1,0,NA,NA,NA,NA
"pA1131",1,0,NA,NA,NA,NA
"pA1132",1,0,NA,NA,NA,NA
"pA1134",1,0,NA,NA,NA,NA
"pA1140",1,0,NA,NA,NA,NA
"pA1157",1,0,NA,NA,NA,NA
"pA1158",1,0,NA,NA,NA,NA
"pA1183",1,0,NA,NA,NA,NA
"pA1209",1,0,NA,NA,NA,NA
"pA1210",1,0,NA,NA,NA,NA
"pA1217",1,0,NA,NA,NA,NA
"pA1252",1,0,NA,NA,NA,NA
"pA0004",0,0,NA,NA,NA,NA
"pA0005",0,0,NA,NA,NA,NA
"pA0008",0,0,NA,NA,NA,NA
"pA0009",0,0,NA,NA,NA,NA
"pA0020",0,0,NA,NA,NA,NA
"pA0027",0,0,NA,NA,NA,NA
"pA0035",0,0,NA,NA,NA,NA
"pA0042",0,0,NA,NA,NA,NA
"pA0050",0,0,NA,NA,NA,NA
"pA0063",0,0,NA,NA,NA,NA
"pA0068",0,0,NA,NA,NA,NA
"pA0081",0,0,NA,NA,NA,NA
"pA0083",0,0,NA,NA,NA,NA
"pA0086",0,0,NA,NA,NA,NA
"pA0091",0,0,NA,NA,NA,NA
"pA0092",0,0,NA,NA,NA,NA
"pA0096",0,0,NA,NA,NA,NA
"pA0100",0,0,NA,NA,NA,NA
"pA0138",0,0,NA,NA,NA,NA
"pA0146",0,0,NA,NA,NA,NA
"pA0167",0,0,NA,NA,NA,NA
"pA0169",0,0,NA,NA,NA,NA
"pA0172",0,0,NA,NA,NA,NA
"pA0179",0,0,NA,NA,NA,NA
"pA0184",0,0,NA,NA,NA,NA
"pA0191",0,0,NA,NA,NA,NA
"pA0207",0,0,NA,NA,NA,NA
"pA0212",0,0,NA,NA,NA,NA
"pA0234",0,0,NA,NA,NA,NA
"pA0238",0,0,NA,NA,NA,NA
"pA0239",0,0,NA,NA,NA,NA
"pA0243",0,0,NA,NA,NA,NA
"pA0267",0,0,NA,NA,NA,NA
"pA0269",0,0,NA,NA,NA,NA
"pA0279",0,0,NA,NA,NA,NA
"pA0281",0,0,NA,NA,NA,NA
"pA0283",0,0,NA,NA,NA,NA
"pA0305",0,0,NA,NA,NA,NA
"pA0310",0,0,NA,NA,NA,NA
"pA0311",0,0,NA,NA,NA,NA
"pA0312",0,0,NA,NA,NA,NA
"pA0316",0,0,NA,NA,NA,NA
"pA0317",0,0,NA,NA,NA,NA
"pA0326",0,0,NA,NA,NA,NA
"pA0328",0,0,NA,NA,NA,NA
"pA0348",0,0,NA,NA,NA,NA
"pA0352",0,0,NA,NA,NA,NA
"pA0353",0,0,NA,NA,NA,NA
"pA0362",0,0,NA,NA,NA,NA
"pA0365",0,0,NA,NA,NA,NA
"pA0379",0,0,NA,NA,NA,NA
"pA0380",0,0,NA,NA,NA,NA
"pA0421",0,0,NA,NA,NA,NA
"pA0426",0,0,NA,NA,NA,NA
"pA0427",0,0,NA,NA,NA,NA
"pA0433",0,0,NA,NA,NA,NA
"pA0434",0,0,NA,NA,NA,NA
"pA0435",0,0,NA,NA,NA,NA
"pA0443",0,0,NA,NA,NA,NA
"pA0470",0,0,NA,NA,NA,NA
"pA0471",0,0,NA,NA,NA,NA
"pA0478",0,0,NA,NA,NA,NA
"pA0485",0,0,NA,NA,1,NA
"pA0487",0,0,NA,NA,NA,NA
"pA0488",0,0,NA,NA,NA,NA
"pA0491",0,0,NA,NA,NA,NA
"pA0492",0,0,NA,NA,NA,NA
"pA0495",0,0,NA,NA,NA,NA
"pA0497",0,0,NA,NA,NA,NA
"pA0501",0,0,NA,NA,NA,NA
"pA0504",0,0,NA,NA,NA,NA
"pA0509",0,0,NA,NA,NA,NA
"pA0514",0,0,NA,NA,NA,NA
"pA0516",0,0,NA,NA,NA,"in the middle of the hole"
"pA0517",0,0,NA,NA,NA,NA
"pA0525",0,0,NA,NA,NA,NA
"pA0531",0,0,NA,NA,NA,NA
"pA0532",0,0,NA,NA,NA,NA
"pA0537",0,0,NA,NA,NA,NA
"pA0539",0,0,NA,NA,NA,NA
"pA0550",0,0,NA,NA,NA,NA
"pA0554",0,0,NA,NA,NA,NA
"pA0570",0,0,NA,NA,NA,NA
"pA0574",0,0,NA,NA,NA,NA
"pA0578",0,0,NA,NA,NA,NA
"pA0585",0,0,NA,NA,NA,NA
"pA0587",0,0,NA,NA,NA,NA
"pA0596",0,0,NA,NA,NA,NA
"pA0604",0,0,NA,NA,NA,NA
"pA0606",0,0,NA,NA,NA,NA
"pA0607",0,0,NA,NA,NA,NA
"pA0608",0,0,NA,NA,NA,NA
"pA0610",0,0,NA,NA,NA,NA
"pA0615",0,0,NA,NA,NA,NA
"pA0626",0,0,NA,NA,NA,NA
"pA0627",0,0,NA,NA,NA,NA
"pA0628",0,0,NA,NA,NA,NA
"pA0629",0,0,NA,NA,NA,NA
"pA0631",0,0,NA,NA,NA,NA
"pA0632",0,0,NA,NA,NA,NA
"pA0634",0,0,NA,NA,NA,NA
"pA0636",0,0,NA,NA,NA,NA
"pA0638",0,0,NA,NA,NA,NA
"pA0645",0,0,NA,NA,NA,NA
"pA0647",0,0,NA,NA,NA,NA
"pA0652",0,0,NA,NA,NA,NA
"pA0660",0,0,NA,NA,NA,NA
"pA0666",0,0,NA,NA,NA,NA
"pA0682",0,0,NA,NA,NA,NA
"pA0683",0,0,NA,NA,NA,NA
"pA0687",0,0,NA,NA,NA,NA
"pA0689",0,0,NA,NA,NA,NA
"pA0690",0,0,NA,NA,NA,NA
"pA0697",0,0,NA,NA,NA,NA
"pA0700",0,0,NA,NA,NA,NA
"pA0704",0,0,NA,NA,NA,NA
"pA0708",0,0,NA,NA,NA,NA
"pA0709",0,0,NA,NA,NA,NA
"pA0715",0,0,NA,NA,NA,NA
"pA0723",0,0,NA,NA,NA,NA
"pA0725",0,0,NA,NA,NA,NA
"pA0735",0,0,NA,NA,NA,NA
"pA0738",0,0,NA,NA,NA,NA
"pA0739",0,0,NA,NA,NA,NA
"pA0741",0,0,NA,NA,NA,NA
"pA0742",0,0,NA,NA,NA,NA
"pA0747",0,0,NA,NA,NA,NA
"pA0748",0,0,NA,NA,NA,NA
"pA0760",0,0,NA,NA,NA,NA
"pA0761",0,0,NA,NA,NA,NA
"pA0762",0,0,NA,NA,NA,NA
"pA0765",0,0,NA,NA,NA,NA
"pA0767",0,0,NA,NA,NA,NA
"pA0775",0,0,NA,NA,NA,NA
"pA0779",0,0,NA,NA,NA,NA
"pA0782",0,0,NA,NA,NA,NA
"pA0784",0,0,NA,NA,NA,NA
"pA0786",0,0,NA,NA,NA,NA
"pA0787",0,0,NA,NA,NA,NA
"pA0791",0,0,NA,NA,NA,NA
"pA0801",0,0,NA,NA,NA,NA
"pA0805",0,0,NA,NA,NA,NA
"pA0806",0,0,NA,NA,NA,NA
"pA0808",0,0,NA,NA,NA,NA
"pA0811",0,0,NA,NA,NA,NA
"pA0814",0,0,NA,NA,NA,NA
"pA0839",0,0,NA,NA,NA,NA
"pA0844",0,0,NA,NA,NA,NA
"pA0847",0,0,NA,NA,NA,NA
"pA0854",0,0,NA,NA,NA,NA
"pA0856",0,0,NA,NA,NA,NA
"pA0857",0,0,NA,NA,NA,NA
"pA0858",0,0,NA,NA,NA,NA
"pA0866",0,0,NA,NA,NA,NA
"pA0868",0,0,NA,NA,NA,NA
"pA0870",0,0,NA,NA,NA,NA
"pA0871",0,0,NA,NA,NA,NA
"pA0872",0,0,NA,NA,NA,NA
"pA0874",0,0,NA,NA,NA,NA
"pA0877",0,0,NA,NA,NA,NA
"pA0880",0,0,NA,NA,NA,NA
"pA0889",0,0,NA,NA,NA,NA
"pA0890",0,0,NA,NA,NA,NA
"pA0891",0,0,NA,NA,NA,NA
"pA0903",0,0,NA,NA,NA,NA
"pA0909",0,0,NA,NA,NA,NA
"pA0917",0,0,NA,NA,NA,NA
"pA0936",0,0,NA,NA,NA,NA
"pA0945",0,0,NA,NA,NA,NA
"pA0974",0,0,NA,NA,NA,NA
"pA0982",0,0,NA,NA,NA,NA
"pA0983",0,0,NA,NA,NA,NA
"pA0986",0,0,NA,NA,NA,NA
"pA0989",0,0,NA,NA,NA,NA
"pA0990",0,0,NA,NA,NA,NA
"pA0992",0,0,NA,NA,NA,NA
"pA0996",0,0,NA,NA,NA,NA
"pA0999",0,0,NA,NA,NA,NA
"pA1000",0,0,NA,NA,NA,NA
"pA1003",0,0,NA,NA,NA,NA
"pA1015",0,0,NA,NA,NA,NA
"pA1039",0,0,NA,NA,NA,NA
"pA1040",0,0,NA,NA,NA,NA
"pA1061",0,0,NA,NA,NA,NA
"pA1066",0,0,NA,NA,NA,NA
"pA1072",0,0,NA,NA,NA,NA
"pA1091",0,0,NA,NA,NA,NA
"pA1100",0,0,NA,NA,NA,NA
"pA1138",0,0,NA,NA,NA,NA
"pA1147",0,0,NA,NA,NA,NA
"pA1174",0,0,NA,NA,NA,NA
"pA1182",0,0,NA,NA,NA,NA
"pA1196",0,0,NA,NA,NA,NA
"pA1214",0,0,NA,NA,NA,NA
"pA1242",0,0,NA,NA,NA,NA
"pA1245",0,0,NA,NA,NA,NA
"pA1248",0,0,NA,NA,NA,NA
"pA1253",0,0,NA,NA,NA,NA
"pA1346",0,0,NA,NA,NA,NA
"pA0144",1,NA,NA,NA,NA,NA
